article_id,type,text,extract_id
e8345ee5-bd15-4ab4-a554-f571f8312851,keyword,deposit insurance fund,001bd18b-d12e-4735-96f1-e70e7ab84d5c
ed80cfc1-737e-4337-9c4c-8ce7ee6981e7,keyword,banks,00b5d07b-3bdd-4f4f-ab03-380e03e33b0c
347242d3-6e22-4375-8360-8d8de561cd58,keyword,caitlin piasecki,00dc4844-eaa1-4a28-8c9a-b8cc24ab8f65
4a6359df-85f0-4b44-a2c6-dc7b25af00fe,keyword,data scientists,01023f96-083f-448b-b4cc-ab7369138c7f
a7157774-b8e8-4c47-9bbe-5534b05d313f,keyword,physical hardening,01211869-1871-419e-b695-ae8757239365
d380cbfa-e152-4277-9136-bbc9b2e36dc5,keyword,check washing,015e771d-20f5-4cba-924a-cd061da0a08c
b3f100e2-59ed-4a5f-9301-d3e855e71f78,keyword,digital channels,018ce746-0d6b-404e-b6c0-c433365942d0
e8345ee5-bd15-4ab4-a554-f571f8312851,keyword,net interest income,01de67b3-7b8f-412f-a209-8a24bb185d98
ee3db751-b8f2-4838-8283-05af72a45a61,keyword,fraud,02363b90-640d-4105-a8bb-31cce9c102b0
446e0338-ae61-4d2f-895c-eda657bbef40,keyword,elder abuse,02587519-df8b-477c-8c34-57facdb2de53
f02359ee-3e9c-42b4-93a5-1834199be6dc,keyword,verification,0282d089-5b42-4209-9a5f-46c99c72918c
1d57d511-fe4c-479f-8547-c8143027545c,keyword,legislation,02885f08-eea9-4746-a896-b14a3f378dfe
074eb8f2-4a0a-444d-a850-346b9455a891,keyword,white house budget request,02e70f59-7530-4bb2-876e-a19f3cd6cde9
d5058242-44c6-4560-8983-1f14720018c1,keyword,telecommunications regulation,031c4e2c-450e-4249-9c92-602aadd827fc
abeb74af-85b6-4241-88ac-d7626dbe9e31,keyword,observability,040c238e-67ef-4b53-a0ce-328909a546d1
a7157774-b8e8-4c47-9bbe-5534b05d313f,keyword,cash trapping,04594c6d-ceb7-4732-b36a-58d3ccbbbb23
17bf0a8d-21d5-4115-9644-3fc299ff7f69,keyword,debit card fraud,04a700bd-13b5-40e6-b8bb-7faa0972cd53
e3711b20-be2f-4b59-9119-2b570b76a183,keyword,informed delivery,04c63297-650d-4776-a988-8d83a1f5713e
62000238-e57b-49ea-995b-68c27785d2ff,keyword,personalized service,0533ecc6-7b4d-4ba4-aff9-55e36badfa3e
05d418d8-3b07-4da4-95c9-c9c6007f8154,keyword,payee verification,05948a4d-73d8-4535-94c2-c236639fb8bb
0260698b-07fd-4346-a307-f446fa5431b0,keyword,personal financial data,05e6816a-2b05-48bb-9725-7b75572471c3
778422c8-9d96-4446-9e10-5e19d878c0a8,keyword,aba banking journal podcast,06546848-1c6b-4944-a933-792d41f2aae5
d380cbfa-e152-4277-9136-bbc9b2e36dc5,keyword,federal reserve,067232e0-8ecf-44bf-ac37-7e7cff2d669f
29b71b02-5d9b-4b17-80e2-745bb6e367ef,keyword,survey,06d8e0b0-fa15-4f03-aaa8-eb42aa7763a2
e8345ee5-bd15-4ab4-a554-f571f8312851,keyword,q3 2025,0742ee0f-8890-4dfe-bb27-5bb2625a518c
b5cf9e0a-6dc5-4de5-8d34-d96bb5f6ed6e,keyword,treasury department,079598c7-dcc3-4dd4-a18b-64a01696dbcf
f8ef297f-060e-4365-8d9b-264ba862c619,keyword,abrigo,07a2a247-272b-4d49-ae3d-a45a746cde30
c5f167c5-2ac7-43a1-b420-3abf6f3157b8,keyword,retail theft,07b3597a-bab8-494b-ae0d-891bf6560d73
e8345ee5-bd15-4ab4-a554-f571f8312851,keyword,net interest margin,07c8d763-4b0a-41a0-b18b-8ad604c59844
347242d3-6e22-4375-8360-8d8de561cd58,keyword,banks,07e42d0f-df8a-493d-adec-838359d30b5b
467830e6-b416-4627-9d20-580f2bf8b3d9,keyword,senior housing,07ee9e99-def5-4592-a59c-16cebe198cb4
17bf0a8d-21d5-4115-9644-3fc299ff7f69,keyword,phishing,080566ab-c8a7-4853-9bba-776a225f787a
00f203d8-2f61-420c-9455-b8ae6aa797d7,keyword,aba,082590f7-2ceb-451b-bde9-67c3ee73dd0b
4f66b755-1b07-451c-b18d-6c4ab481da75,keyword,consumer protection,083deb89-f8f7-4b0b-955f-0fed297841ea
db319a41-b519-4c24-87e4-a30f75a94a16,keyword,kate griffin,084cddde-1451-4430-ae1a-ef41a66c0d77
1d57d511-fe4c-479f-8547-c8143027545c,keyword,digital forecasting,0872dbf1-64b3-4ba8-bbc2-03690ccc9e2b
07b7a5e8-f9bc-4745-917f-d64fa95ca06a,keyword,american bankers association,08b533cc-1cce-4a69-956f-25441c856747
5451ae1c-fda3-4bc9-9bf7-a8e68fd48379,keyword,affordable credit,0990d4da-9033-4ca1-a8db-7d4531bb4b68
11193969-3b7e-4209-8238-e65830f7486b,summary,"The rate 30-year fixed-rate mortgage 6.24% week, 6.22% last week,according Freddie Mac.",09bd8608-6eeb-48c7-ad0a-de1596e0f8fe
56645129-4d3f-4b45-9db3-518085a53c3e,keyword,customer service line,09f14e6e-b3e5-495a-bf54-2ec83b7a5a1c
e8345ee5-bd15-4ab4-a554-f571f8312851,keyword,bank mergers and consolidations,0a00cb9f-7178-4213-98af-c3d7cc74593e
f687fa29-3e46-418a-a9fd-a0aff69d928a,keyword,midsize banks,0a2ec53a-58b6-4500-92b4-e8c28e704ae8
a00b78c8-370a-40be-bf1f-eb304abfbcad,keyword,equipment repair costs,0a5783ac-1ca6-4c10-af1a-0fea2c75620b
1af8c83c-4eb0-439b-ac80-31a5b613244d,keyword,federal reserve,0a6a6386-40e7-40cd-ba9c-e71acaf18858
b5cf9e0a-6dc5-4de5-8d34-d96bb5f6ed6e,keyword,reporting thresholds,0a7fd769-7507-4642-be74-30b5d30ac6fe
5b078166-f003-4b1e-8398-0e5ef174b923,keyword,aba foundation,0ab212c4-9edd-4342-ba84-9223d1cad49e
b0a873ea-6fb1-4f0f-a8a0-295c250d9896,keyword,fraud reporting,0abebef7-f180-44cf-a594-f328d5519664
c5f167c5-2ac7-43a1-b420-3abf6f3157b8,keyword,shoplifting rings,0ad2b32d-7dc5-4746-8c09-476fc855c934
3e1cfcf6-9203-4b68-809b-a543c7721346,keyword,cloud modernization,0ae8d467-445b-4845-8e7e-dacda6d8f017
6c15d87f-b669-4872-bf0a-afb55937d125,keyword,elder fraud,0b253841-2e59-4eae-a421-e064f3af2d9b
0daa37b6-8f58-4406-b6bd-5e0161a92516,keyword,seniors,0b8980e4-4cf5-4912-b362-1089e9efba3d
d5058242-44c6-4560-8983-1f14720018c1,keyword,illegal call spoofing,0b9ba5d6-e7ff-41b2-80e5-7d8226864a7d
45622da8-f82c-4b90-83f3-47734d2b624f,keyword,anti-fraud controls,0ba3faac-fbb0-48ee-90aa-addd4fefa1a4
4a6359df-85f0-4b44-a2c6-dc7b25af00fe,summary,"The 2024 NICE Actimize Fraud Insights report explores industry-wide fraud trends, highlighting poses risk financial institution customers. Unlock critical insights comprehensive analysis, developed data scientists fraud experts using NICE Actimizes collective intelligence.",0bd7a8d7-da82-47e8-baac-47b76cf9d7a8
5d43c79e-303b-4cc0-a870-970bd919a6b4,keyword,for-profit lenders,0bd86902-0af3-4b8c-9ec8-43c65bba293b
8ac8360c-fa1c-4ea7-842c-7f3db4a30fe3,summary,"The banking agencies today advanced proposed interagency rulemaking expand eligibility criteria community bank leverage ratio, CBLR, also extending grace period banks elect use it. Todays action one many promote long-term viability community bank model continuing ensure banks maintain adequate levels capital operate safe sound manner.",0c4c51b0-c30b-4c1d-bfa6-75cf0c6beba3
08be2bb8-2da1-439e-8d73-d54a52f8ddc6,keyword,congress oversight,0c4c6499-2cf6-45d5-b032-82c4b6fd8805
47e731ac-7f5f-4d7c-bcef-750228cc3173,keyword,fraud attribution,0c78c28c-f9bc-48bc-adcb-cf4706a33be9
56645129-4d3f-4b45-9db3-518085a53c3e,keyword,social engineering,0c82ef71-1271-4114-bba0-690cc19dce6f
1af8c83c-4eb0-439b-ac80-31a5b613244d,keyword,scam tactics,0cb12b49-fecc-4d4e-8e37-2b42be985f4a
e3711b20-be2f-4b59-9119-2b570b76a183,keyword,consumer education,0cc9d348-0431-4740-81fc-aa0d62527106
214c3121-1f28-4919-9a3f-6a7dd11be3f5,keyword,consumer education,0cfe1f6e-9a80-4c54-afca-a520a048d39d
45622da8-f82c-4b90-83f3-47734d2b624f,keyword,cyber-enabled scams,0d1896f1-264a-40e6-b225-83043e36c701
17bf0a8d-21d5-4115-9644-3fc299ff7f69,keyword,check fraud,0d6677e2-f34f-487d-8d9d-d3573b6329bb
6c15d87f-b669-4872-bf0a-afb55937d125,keyword,fraud,0d7fd521-6a38-4109-bc52-ad06d9fc3deb
08be2bb8-2da1-439e-8d73-d54a52f8ddc6,keyword,unrelated business income tax,0df5e3d7-a7a5-4c8a-9b25-deece135d360
1af8c83c-4eb0-439b-ac80-31a5b613244d,keyword,financial institutions,0e29b6da-9834-4502-a71f-d28080cc63a4
db319a41-b519-4c24-87e4-a30f75a94a16,keyword,aspen institute,0e86a35c-3986-4e4f-91fd-80e6dc874dca
6f20ee1e-fc94-479c-90c0-36954002409a,keyword,deepfake scams,0e8adfd5-b3a9-406e-b615-a7b630b14ee7
2633b10b-460a-431e-b17e-47e99df629be,keyword,compliance date,0e957d40-4442-4cb9-ac95-93d9ce26be67
5ac083f6-1cf7-4616-89d4-ad40d695546e,keyword,aba fraudcast,0f075749-4f27-4e32-8968-35ae5737dacd
ee3db751-b8f2-4838-8283-05af72a45a61,keyword,scams,0f1b8379-18f8-4e7a-a58e-4e440c357100
c5f167c5-2ac7-43a1-b420-3abf6f3157b8,keyword,public-private partnerships,0f1c3670-0b6e-4e92-8035-faa5ae3c0f1d
1afadf49-dde2-4903-b1a6-087fe90e6df8,keyword,2026 cll,0f7e516f-acb9-44f8-9a8c-1da961600989
e24060c5-7b26-4b7c-b34c-4f5a8bf769ab,keyword,first american bank and trust,0f84894b-04bb-4d8f-ab55-a69b91213d0b
f8ef297f-060e-4365-8d9b-264ba862c619,keyword,fraud,0f8d8188-eb44-4c68-8477-01daa21af6af
4f66b755-1b07-451c-b18d-6c4ab481da75,keyword,voice service providers,0faa4260-d934-4c24-b087-2106755c6392
5b078166-f003-4b1e-8398-0e5ef174b923,keyword,phishing,0fae97c9-09bd-4a95-8b7f-148d6fef3d77
1af8c83c-4eb0-439b-ac80-31a5b613244d,keyword,fraud detection,0fc301c6-af7f-4ac6-9f8f-f762e7cc5ff9
05d418d8-3b07-4da4-95c9-c9c6007f8154,keyword,centralized verification platform,0fd9c097-54e7-4a79-96ba-2fc04515b7c0
f8ef297f-060e-4365-8d9b-264ba862c619,summary,Fraud risk manage within financial institutions; quickly becoming one critical tests trust banks credit unions clients. Abrigo recently conducted second annual fraud survey understand fraud affects U.S. consumers small businesses expect financial institutions.,0fe3a3a7-9e97-49a6-97ab-dba2eaa5296f
c5f167c5-2ac7-43a1-b420-3abf6f3157b8,keyword,return fraud,100e945a-6b44-46d1-8f0a-823970a0edc4
abeb74af-85b6-4241-88ac-d7626dbe9e31,keyword,visa intelligent commerce,107b387e-4656-41af-b562-3c1f04615c6a
0260698b-07fd-4346-a307-f446fa5431b0,keyword,consumer trust,10cef47a-0aa1-4711-a1e5-4390c95199e4
aa2fe39b-1c92-4de2-bff6-66a9c492c80b,keyword,money laundering risk system,10ea5eae-ef2b-4a8c-999e-d6ca50f874bc
4d5e02aa-1e21-445d-ad8a-ab2c1f9b7880,keyword,public comment,10f02f11-c02c-4508-9bb9-0d772997c6e6
e24060c5-7b26-4b7c-b34c-4f5a8bf769ab,keyword,paul benda,10fd825b-d134-4e39-95ca-6912c72b225e
e24060c5-7b26-4b7c-b34c-4f5a8bf769ab,keyword,payment fraud,11093e0b-b71a-44f5-9ee1-dccbb483100d
e8345ee5-bd15-4ab4-a554-f571f8312851,keyword,sayee srinivasan,111148a2-c67f-4d73-a60a-a397afdcbcf7
a7157774-b8e8-4c47-9bbe-5534b05d313f,keyword,law enforcement collaboration,1171d09f-a374-4676-aa58-874a627bd8a2
5d43c79e-303b-4cc0-a870-970bd919a6b4,keyword,national origin,11d24bb3-7ade-414b-8c16-203da2149266
347242d3-6e22-4375-8360-8d8de561cd58,keyword,internet,11edfc7f-02f0-4788-86f3-0cab5474c0c5
56645129-4d3f-4b45-9db3-518085a53c3e,keyword,bank fraud,11f5b02a-0512-4952-b36a-bfd430b6e6f9
00f203d8-2f61-420c-9455-b8ae6aa797d7,keyword,fraud reporting tool,120b3898-4083-47c2-9324-b704ed0c2ca0
1afadf49-dde2-4903-b1a6-087fe90e6df8,keyword,hawaii,1229c62f-35db-416b-9801-c14307a9af93
56645129-4d3f-4b45-9db3-518085a53c3e,summary,"By Walt WilliamsLike many banks, Nebraska-based Security National Bank customer service line takes complaints questions, line often forefront banks efforts protect customers fraud scams. Lindsay Lindmier, VP director financial crimes Security National, works banks compliance officer monitor complaint line potential fraud. Frontline staff often first line defense banks, communications barriers general lack awareness warning signs mean consumer complaints suggesting fraud may reach people monitor things. In fact, bank rewards tellers identify fraud recognizing name reports banks board directors. Having defined complaint program really important front line ensure right process followed quickly possible, Gliha said. Gliha suggests creating resources videos checklists staff easily access reference quickly identify respond fraud. But given busy frontline staff are, says in-person approach may work best, advises weekly meetings short huddles staff look for. It kind connection I think needed because, otherwise, human nature fall back daily routines, says. Make real sensitive get little calloused time: Well, everybodys fallen victim.",12313463-ee73-45df-af17-ceca27d6d413
b0a873ea-6fb1-4f0f-a8a0-295c250d9896,keyword,scam prevention campaigns,12510215-c48f-48b8-a2a2-e71d2c52df79
b0a873ea-6fb1-4f0f-a8a0-295c250d9896,summary,"Assisting bank customers victims scams fact difficult enough banks. Please subscribe!ABA offers resourcesto help banks prevent, identify, measure report fraud, serve protect consumers financial data.",125fac83-aa46-496a-b5c4-fda1aebe7ab7
db46995a-a121-45b7-8a3d-d12e8e80168d,keyword,financial institutions,12640d0a-c762-4b8d-b478-d0f5f1c30ec3
95f5f17b-f5b9-49db-a410-a73e846898a3,keyword,ai adoption,127cc2e7-260f-45c6-a640-af40c7b72075
f687fa29-3e46-418a-a9fd-a0aff69d928a,keyword,enhanced prudential standards,129f82ca-362d-4c3f-bf92-a3acb6809d00
a7157774-b8e8-4c47-9bbe-5534b05d313f,keyword,information sharing,12a0efb9-b7a8-4819-8ace-a3a7e5036392
ed80cfc1-737e-4337-9c4c-8ce7ee6981e7,keyword,bank culture,12a98cf7-c7be-4cd1-ab10-fea7c6e6559c
4024661e-a83a-4fcf-b312-401df444f880,keyword,nonbank competition,12ae161b-1249-4af5-9d48-cb8294039900
0daa37b6-8f58-4406-b6bd-5e0161a92516,keyword,fraud prevention,12b55799-d4d2-4704-87b6-a20925b689bb
e3711b20-be2f-4b59-9119-2b570b76a183,keyword,mobile banking,12c2aef2-78c0-4d14-a80d-fb97f1a6962f
abeb74af-85b6-4241-88ac-d7626dbe9e31,summary,"What used clean handoff bank merchant high-sensitivity, high-stakes moment frontline test trust customers financial institutions powering transaction. As digital payments expand broader financial services, embedded finance, real-time networks AI reshaping expectations. Fixing friction rootPersistent design infrastructure flaws increasingly undermine expectation seamlessness checkout. Using real-time rails intelligent layersReal-time payments core enabler agentic commerce. Unlike traditional rails, RTPs carry metadata confirmation signals, allowing immediate downstream updates. Metadata-rich messages (e.g., invoice data, account selection hints).Support innovations including request pay pull notifications. An AI agent managing bill payments use RTP guarantee timing, route around low liquidity avoid duplicating transaction. Creating intelligent checkout systemsAgentic systems cannot operate effectively yesterdays data hardcoded logic. That starts real-time observability static dashboards, telemetry AI agents act instantly. As AI agents begin manage financial flows behalf users, definition seamless experience shifts. And future AI, payments identity collide, banks lead rails everyone else relies on.",12c9eca8-4f74-4f2c-a689-7b732c45aebb
a00b78c8-370a-40be-bf1f-eb304abfbcad,keyword,disease identification,12ed46ac-23b1-40f0-ae29-0b8672d6d7fc
8d048644-4c1d-4e91-8f64-d92ea8c8bc48,keyword,australia,13147d90-1b47-4dc7-838a-9cb6924d8eae
0daa37b6-8f58-4406-b6bd-5e0161a92516,keyword,resources,132465c1-e6de-44ec-b1ed-359e7df5d4e8
23c2e147-b027-455d-9727-51ac79584d63,keyword,regional banks,132a3613-a404-451c-b7e9-d45d7de210cc
d5058242-44c6-4560-8983-1f14720018c1,keyword,telephone consumer protection act,13932ab6-cbf5-4d9c-a62f-1f83d85767f5
db319a41-b519-4c24-87e4-a30f75a94a16,keyword,cybersecurity,13b20e71-3756-4220-b946-fc1fc3eb337b
b0a873ea-6fb1-4f0f-a8a0-295c250d9896,keyword,financial scams,14134372-c750-4a51-b131-b1016c506a43
e3711b20-be2f-4b59-9119-2b570b76a183,keyword,collusive accountholders,14515386-05b6-4b16-8356-c85e1e2173f7
ec247c74-a711-4d9a-9b6d-ec009cd257aa,keyword,strategic partnerships,1526d872-513d-4c54-bfb1-0942877c48d8
6f20ee1e-fc94-479c-90c0-36954002409a,keyword,consumer education,15bfd216-b006-4f72-b827-923f6c8ffabe
80f9af1b-23f6-47c9-b488-830163630357,keyword,scams,15c8a5fc-2dac-4f57-931c-66ce0a095667
347242d3-6e22-4375-8360-8d8de561cd58,keyword,encrypted platforms,1612495d-32e3-4ae1-8de3-2e03390203c7
4d5e02aa-1e21-445d-ad8a-ab2c1f9b7880,keyword,american bankers association,162dc5d7-708f-4bb4-9964-b67decfbc970
227b2ecb-6e1d-4bca-9a1e-e6873bec78d1,keyword,tier 1 capital requirements,165b4e07-98d2-45db-b6dd-a5ad1904a13f
dd316280-bcc5-4d12-8ac9-24ed1e34ee31,keyword,suspected fraud,16c4b4f5-8064-44e5-8ed7-ef9011ec86e0
4a6359df-85f0-4b44-a2c6-dc7b25af00fe,keyword,fraud trends,16e6970c-5c1b-481d-a124-ba4ead9e03c5
f8ef297f-060e-4365-8d9b-264ba862c619,keyword,u.s. consumers,16fb3b61-387f-43b4-b44a-8108cfff2e1b
3e1cfcf6-9203-4b68-809b-a543c7721346,keyword,customer service chatbots,170b7067-6ddc-494b-b851-3dbd5d164239
62000238-e57b-49ea-995b-68c27785d2ff,keyword,branch strategy,1713b18f-03b9-4fea-b87b-0ee45e4d9055
5451ae1c-fda3-4bc9-9bf7-a8e68fd48379,keyword,access to banking services,173ce2da-2193-41f6-8285-eb58c7528d8b
3e1cfcf6-9203-4b68-809b-a543c7721346,keyword,model risk management,177b5cde-0cda-44fc-b9e4-f29355ba5951
e8345ee5-bd15-4ab4-a554-f571f8312851,keyword,deposit insurance,17b2b75e-69a8-4199-a1f4-c7e170e13fbb
467830e6-b416-4627-9d20-580f2bf8b3d9,keyword,housing development,17b60f63-4ef3-4cc5-8d65-249e35c57dee
f687fa29-3e46-418a-a9fd-a0aff69d928a,keyword,category ii,1804b7df-bda9-4a10-ad6e-d26401c18b53
68958063-4dd6-4f4f-b392-66c1e228d16d,keyword,consumer protection,181db245-274f-4d40-a2bb-9524ee216bdd
3e1cfcf6-9203-4b68-809b-a543c7721346,keyword,data quality,181de59a-350a-49b7-b6d1-fab4bba01941
c5f167c5-2ac7-43a1-b420-3abf6f3157b8,keyword,combating organized retail crime act of 2025,1842e669-a275-422e-84df-860225690deb
cd215a97-49a3-41fa-bc76-b2e5583add4c,keyword,unsecured personal loans,1844545b-7ab5-470b-9f8c-a6722e6a641c
56645129-4d3f-4b45-9db3-518085a53c3e,keyword,huddles,1844bb48-1a60-41be-89d0-5cdd583cf5a2
dd316280-bcc5-4d12-8ac9-24ed1e34ee31,keyword,delayed transactions,187574a0-0813-4a4b-b38d-4da86b1a60ce
00f203d8-2f61-420c-9455-b8ae6aa797d7,keyword,financial crimes enforcement conference,18dc3309-1af1-406c-a796-116ba4c4429c
c5f167c5-2ac7-43a1-b420-3abf6f3157b8,keyword,transnational organized crime,18de5c4b-b729-4926-b851-b36e78d07044
e2c1a419-f45c-4fbe-99bf-ed4e43d8eb0d,keyword,podcast,18df3657-1b09-4ddf-8cce-6054bf84283e
52aca3b8-a7df-40c5-b37f-fab7313209eb,keyword,data requests,1919e3fa-42ec-4d59-af88-5fb58bf2eb54
e24060c5-7b26-4b7c-b34c-4f5a8bf769ab,keyword,financial crimes,1924ae24-ba3e-48a1-9db8-af5edefe3cbe
778422c8-9d96-4446-9e10-5e19d878c0a8,keyword,erie canal,195bcb46-448f-4e95-8de3-e9966f39602f
a00b78c8-370a-40be-bf1f-eb304abfbcad,keyword,missouri bankers association,1967f81e-7476-48f0-8b36-07ac8b9df646
b0a873ea-6fb1-4f0f-a8a0-295c250d9896,keyword,fraud prevention,1968ae3f-7724-4255-a0a9-f18dc0e8cadd
4a6359df-85f0-4b44-a2c6-dc7b25af00fe,keyword,established accounts,1973219c-a5ad-4a4c-8668-3b665a85a75d
c5f167c5-2ac7-43a1-b420-3abf6f3157b8,keyword,structured deposits,1985f7de-28cc-4ebe-b5cc-d5ef04ef6696
47e731ac-7f5f-4d7c-bcef-750228cc3173,keyword,bank fraud,19a1f90c-2266-442e-927c-7fde845d2f07
95f5f17b-f5b9-49db-a410-a73e846898a3,keyword,genius act,1a0e12f1-97c4-4e8b-aa31-780916699dfd
0260698b-07fd-4346-a307-f446fa5431b0,keyword,tcpa,1a368133-2747-4c05-ae28-14f25ff90691
29b71b02-5d9b-4b17-80e2-745bb6e367ef,keyword,webster bank,1a3df213-993a-4789-a25f-f2efe56f64e2
8d048644-4c1d-4e91-8f64-d92ea8c8bc48,summary,"Australia, like U.S., struggled rein financial fraud recent years. Australian banks studied scams seeing learned time received payment instruction customer, customer already fallen scam. While theres banks certainly need harden systems, dont agency upstream downstream components scam chain actually operates, clear us best way protect customer preventing scam reaching first place.",1a8274ce-9fe2-4015-9643-f2df18fed59d
4a6359df-85f0-4b44-a2c6-dc7b25af00fe,keyword,nice actimize,1b0d8087-da1b-4000-9a5b-8b475a0419fa
ed07fd8f-4d8e-4b5e-8579-bc9f44bad3a1,keyword,auto loan disbursements,1b593bee-5eae-48b3-a8df-d1aeb26f9cf8
e3711b20-be2f-4b59-9119-2b570b76a183,keyword,ach payments,1b74cfc1-8363-427e-aea4-cfad90507b46
5451ae1c-fda3-4bc9-9bf7-a8e68fd48379,keyword,financial well‑being,1b8268b1-3320-4538-af6b-1c5042837843
4a6359df-85f0-4b44-a2c6-dc7b25af00fe,summary,"The 2024 NICE Actimize Fraud Insights report explores industry-wide fraud trends, highlighting poses risk financial institution customers. Unlock critical insights comprehensive analysis, developed data scientists fraud experts using NICE Actimizes collective intelligence.",1b8b4561-b414-4980-afa4-bd94e1ac548d
db46995a-a121-45b7-8a3d-d12e8e80168d,keyword,customer support,1bad75e7-2b55-4d3a-bf5a-7ec45541ef9d
05d418d8-3b07-4da4-95c9-c9c6007f8154,keyword,check washing,1bd3e347-30e4-460e-8130-43f61508a07f
abeb74af-85b6-4241-88ac-d7626dbe9e31,keyword,rtp,1be86e56-daac-4a74-9fc0-06183cba2978
ed07fd8f-4d8e-4b5e-8579-bc9f44bad3a1,keyword,earned wage access,1beb69e3-3ee7-49f1-8f9a-1a11984216f8
5451ae1c-fda3-4bc9-9bf7-a8e68fd48379,keyword,consumer confidence in banks,1c1eb0b3-e9b8-4831-8134-713de13b3b78
abeb74af-85b6-4241-88ac-d7626dbe9e31,keyword,regulatory compliance,1c386425-b1fc-4474-9997-e63b42a21029
5d43c79e-303b-4cc0-a870-970bd919a6b4,keyword,disparate-impact liability,1c79bd57-911a-4879-9b21-544194deed7b
11193969-3b7e-4209-8238-e65830f7486b,keyword,freddie mac,1c9d9500-ac1c-4ba0-8f86-f4ef84ef43e4
ed07fd8f-4d8e-4b5e-8579-bc9f44bad3a1,keyword,real estate escrow payments,1d49c343-daba-468f-8ccf-007e2b4919a1
abeb74af-85b6-4241-88ac-d7626dbe9e31,keyword,policy engines,1d9fa5fa-2479-4267-933e-bde918f3f924
56645129-4d3f-4b45-9db3-518085a53c3e,keyword,call monitoring,1e278341-d939-4f03-8051-cd807f2efec6
446e0338-ae61-4d2f-895c-eda657bbef40,keyword,podcast,1e48a8ce-fbe1-49d6-bd5a-f333f6964735
ed07fd8f-4d8e-4b5e-8579-bc9f44bad3a1,keyword,federal agency disbursements,1eaefb52-cc21-4aab-adfd-510948352c89
8d048644-4c1d-4e91-8f64-d92ea8c8bc48,keyword,australian bankers association,1f34cfe5-5436-42dd-8d47-d8e3b1624da1
446e0338-ae61-4d2f-895c-eda657bbef40,keyword,transaction delays,1f7caeac-8ba9-4a52-a5cc-15bd27f8137a
8e43ce16-d4d1-4d26-a4ca-88ae5ebbab41,keyword,boston,1fd4c121-6f6a-4704-b36a-238ccf9c893c
1d57d511-fe4c-479f-8547-c8143027545c,keyword,cash acceptance,20010ce1-5bc5-41d7-83fa-a964c000137d
463b06bf-1141-4884-ab61-6c1b32d733c5,keyword,crypto assets,204249ce-ef72-4a2e-a01f-f3893c8dd67c
5451ae1c-fda3-4bc9-9bf7-a8e68fd48379,keyword,morning consult,2067b616-51ef-4689-84f6-cf85f5179b23
0260698b-07fd-4346-a307-f446fa5431b0,keyword,fraud protection,2072d529-1f50-4cbe-b5f6-4ba54fde961d
7b8f6f42-7225-4f5d-a690-945575d5dfbb,keyword,workforce housing exclusion,20a4907f-5525-4043-8cad-d63562e23cb7
5451ae1c-fda3-4bc9-9bf7-a8e68fd48379,keyword,acre act,20ab41a9-d86c-4ff2-8314-7c84799402d8
e3711b20-be2f-4b59-9119-2b570b76a183,keyword,money mules,20dfa4c0-607b-4bfe-9a99-7832f7010538
17bf0a8d-21d5-4115-9644-3fc299ff7f69,keyword,money mules,20fe0aab-9f74-49ee-85b1-35dc45fa1b0c
4a6359df-85f0-4b44-a2c6-dc7b25af00fe,keyword,uk regulation,21481c0c-fc16-4d1f-842f-27393a107aa0
4a6359df-85f0-4b44-a2c6-dc7b25af00fe,keyword,investment scams,218aa956-c722-486a-bed1-9fa0289c5c8a
b5cf9e0a-6dc5-4de5-8d34-d96bb5f6ed6e,keyword,financial reporting threshold modernization act (h.r.1799),21b0c032-8442-4852-a27a-7d8920ee7da6
5b078166-f003-4b1e-8398-0e5ef174b923,keyword,irreversible payments,21d0e2f0-46a1-4f74-92b9-45e2d14e7ba1
e3711b20-be2f-4b59-9119-2b570b76a183,keyword,check fraud,220ba517-7687-4e7a-bc51-32b6cb59b2e2
a7157774-b8e8-4c47-9bbe-5534b05d313f,keyword,fraud,220bcc04-22b3-4dac-aa3c-7848a2b67726
80f9af1b-23f6-47c9-b488-830163630357,keyword,financial crimes enforcement conference,22552f19-fe4b-42ca-9db7-04595d89dee1
e24060c5-7b26-4b7c-b34c-4f5a8bf769ab,keyword,podcast,2262e461-8bac-4d2c-84f0-af3192546374
8d048644-4c1d-4e91-8f64-d92ea8c8bc48,keyword,telecommunications,2275879b-6eb7-4534-9632-2958da815817
cd215a97-49a3-41fa-bc76-b2e5583add4c,keyword,potential losses,22a9f8d3-9532-4156-833d-1809b363dc10
0761cfba-7dac-4691-bfc8-b216c9182f95,keyword,farmers & merchants union bank,22ecec94-6c0d-496a-9668-45ddf37db89b
5d43c79e-303b-4cc0-a870-970bd919a6b4,keyword,race,2307a638-b60d-4770-9c0f-d2c1f7bb0a31
ed80cfc1-737e-4337-9c4c-8ce7ee6981e7,keyword,compliance,23188c33-bcef-4974-9395-6bfd5e018190
3e1cfcf6-9203-4b68-809b-a543c7721346,keyword,data platform,2331b3d0-300d-4adb-b490-45249a081ba6
ec247c74-a711-4d9a-9b6d-ec009cd257aa,keyword,recordkeeping,2353bf3e-fcdf-4520-89bb-56b30223d062
e3711b20-be2f-4b59-9119-2b570b76a183,keyword,fraud prevention,23ff88b6-8672-45eb-9abc-1d691be4a33e
dd316280-bcc5-4d12-8ac9-24ed1e34ee31,summary,This survey examines banks utilizing hold laws allow banks delay hold transactions suspected cases elder exploitation.,2403939a-0660-4131-888a-4d93c5f370df
e3711b20-be2f-4b59-9119-2b570b76a183,keyword,electronic payments,240e78e9-da0a-479c-868c-40437fbbf489
cd215a97-49a3-41fa-bc76-b2e5583add4c,keyword,lenders,24535cd6-ad39-4f4b-9693-81398d047b31
6f20ee1e-fc94-479c-90c0-36954002409a,keyword,artificial intelligence,246232ce-8bb0-45b0-aa66-f3f84c28dfab
4a6359df-85f0-4b44-a2c6-dc7b25af00fe,keyword,authorized fraud,24816f05-96ad-4570-89d5-703e2d34a8de
d5058242-44c6-4560-8983-1f14720018c1,keyword,robocalls,248ca1e6-6704-4161-9926-febf23348aba
b3f100e2-59ed-4a5f-9301-d3e855e71f78,keyword,innovative technologies,24b12f05-5fb6-44f4-9212-1bfeff8fd87d
5d43c79e-303b-4cc0-a870-970bd919a6b4,keyword,executive order,250c5fcf-a740-445f-810e-c151834b7585
5451ae1c-fda3-4bc9-9bf7-a8e68fd48379,keyword,public safety,255122ec-fd7c-45a3-ac54-fd90f15e582e
3e1cfcf6-9203-4b68-809b-a543c7721346,keyword,vendor oversight,2604c240-414a-4172-b716-7e990cf4ae1a
62000238-e57b-49ea-995b-68c27785d2ff,keyword,universal banker,263d3c52-97a6-42c2-831e-11dbce1454aa
95f5f17b-f5b9-49db-a410-a73e846898a3,keyword,payment rails,26765c13-469b-47ec-afd0-5f2fa77f9f17
ec247c74-a711-4d9a-9b6d-ec009cd257aa,keyword,analytics,26c74522-0394-4e4d-a32b-32ab2e62ac9c
1d57d511-fe4c-479f-8547-c8143027545c,keyword,intelligent automation,26d700f8-f8cb-4998-a7ff-732a795588e3
214c3121-1f28-4919-9a3f-6a7dd11be3f5,keyword,identity fraud,26ee138f-2ab7-40fc-beed-d3366f7ed136
8e43ce16-d4d1-4d26-a4ca-88ae5ebbab41,keyword,freddie mac,273110cf-00d5-43dd-94d9-a82f24866970
ee3db751-b8f2-4838-8283-05af72a45a61,keyword,g7,27366781-b0dd-4946-8a23-1c44011af0ef
f8ef297f-060e-4365-8d9b-264ba862c619,keyword,emotional fallout,27ca6ec8-9eb9-40f4-b24d-179cebfe10c3
1af8c83c-4eb0-439b-ac80-31a5b613244d,keyword,scamclassifier,280b3259-56df-4e7b-85e0-4e0536cc0236
074eb8f2-4a0a-444d-a850-346b9455a891,keyword,fiscal year 2026,28c7784a-0d57-4652-ba27-55ca115ec465
1afadf49-dde2-4903-b1a6-087fe90e6df8,keyword,hera,28cdee1b-5c9c-4983-b53d-43e2deef1038
a00b78c8-370a-40be-bf1f-eb304abfbcad,keyword,agri-access,296426b9-bd65-4dda-9abb-9e1d9abd2dda
2633b10b-460a-431e-b17e-47e99df629be,summary,"The FDIC board today voted start indexing certain regulatory thresholds delay compliance date revised requirements regarding use agencys name logo. With proposal still outstanding, board votedto push back compliance dateto Jan. 1, 2027, given institutions may need make investments advance compliance date. Deposit Insurance FundThe Federal Deposit Insurance Act requires FDIC set designated reserve ratio DIF start calendar year. ABA respondsAt meeting, FDIC board votedto revise supplementary leverage ratio standardsfor largest banks andadvanced proposalto change community bank leverage ratio.",297253b1-e968-4953-b1f3-79cdb54647b1
abeb74af-85b6-4241-88ac-d7626dbe9e31,keyword,telemetry,298b3e7c-841c-4bbc-8f72-a70e6c199271
5b078166-f003-4b1e-8398-0e5ef174b923,keyword,role playing,298db28a-fab2-4672-b017-254d52cd7e1b
4d5e02aa-1e21-445d-ad8a-ab2c1f9b7880,keyword,agricultural communities,29c5dffe-7e58-4b22-9835-0198b2c0b76c
5ac083f6-1cf7-4616-89d4-ad40d695546e,keyword,financial data,2a1d7f9e-b02d-4ba8-b780-92348fbe7c43
23c2e147-b027-455d-9727-51ac79584d63,keyword,tangible book value,2a23e7be-b4c3-4647-be72-3ec37b3cf751
5451ae1c-fda3-4bc9-9bf7-a8e68fd48379,keyword,cannabis banking,2a3430af-a021-47d2-b607-e3a80a9a1e2a
f8ef297f-060e-4365-8d9b-264ba862c619,keyword,fraud survey,2a468af5-cdc2-411b-a912-ee62f8d73a61
cd215a97-49a3-41fa-bc76-b2e5583add4c,keyword,scams,2a6f3b4f-128e-423d-8d5b-125ad13c51a4
e2c1a419-f45c-4fbe-99bf-ed4e43d8eb0d,keyword,phishing,2b27deb1-6811-46f4-899d-e5203b130324
95f5f17b-f5b9-49db-a410-a73e846898a3,keyword,inflation,2b592e52-8f71-4c21-9974-975711b7a96c
17bf0a8d-21d5-4115-9644-3fc299ff7f69,keyword,aba deposit account fraud survey,2bb41be7-0c25-47a8-abc7-52a86fba81b5
1d57d511-fe4c-479f-8547-c8143027545c,keyword,cash operations,2bb66a90-950b-46dd-b707-d97cc78ac582
4a6359df-85f0-4b44-a2c6-dc7b25af00fe,keyword,slower payment types,2be8655a-930a-4783-bd6a-2bbb955da436
4a6359df-85f0-4b44-a2c6-dc7b25af00fe,keyword,fraud prevention,2c076492-157a-4a2e-bb94-f27ea71b2f2c
2633b10b-460a-431e-b17e-47e99df629be,keyword,signage requirements,2c3e2de1-b7c1-4ab4-bcbe-223975692156
fafa6d5c-d46e-40a8-97a3-f02f48da91d8,keyword,rich call data (rcd),2d158cd8-6ef6-44fa-8ad3-2d126cf0470b
778422c8-9d96-4446-9e10-5e19d878c0a8,keyword,new york,2d3950bc-42eb-4533-9d3e-7f4cd3d7c710
c5f167c5-2ac7-43a1-b420-3abf6f3157b8,keyword,money laundering,2db686a9-5f88-43c4-a4f0-7f8dcd9b556d
7b8f6f42-7225-4f5d-a690-945575d5dfbb,keyword,mission-driven affordable housing requirement,2dc20395-a206-4a5c-92fb-007350b04c68
778422c8-9d96-4446-9e10-5e19d878c0a8,keyword,transportation history,2dde30cb-66ba-4850-86c6-74488d402af0
214c3121-1f28-4919-9a3f-6a7dd11be3f5,keyword,fraud prevention,2de38b45-7a36-496b-8779-b7ce68fd8a81
a7157774-b8e8-4c47-9bbe-5534b05d313f,keyword,financial crime,2ded11d3-731a-40f0-b76d-a7d6fca31d8e
5b078166-f003-4b1e-8398-0e5ef174b923,keyword,transaction monitoring,2e07369e-8400-480e-ba3e-5899c78906bf
5b078166-f003-4b1e-8398-0e5ef174b923,keyword,romance scams,2e0f2a18-349e-4bd5-ab5d-ae6d7152d499
68958063-4dd6-4f4f-b392-66c1e228d16d,keyword,fraud prevention,2ec227f2-b386-4251-98bd-98bc5ca8b462
abeb74af-85b6-4241-88ac-d7626dbe9e31,keyword,fednow,2ee16259-5230-41fe-b194-9a84c45abaa5
4024661e-a83a-4fcf-b312-401df444f880,keyword,check fraud,2ef63000-c40f-49e2-91c7-a431b11afa97
1af8c83c-4eb0-439b-ac80-31a5b613244d,keyword,information sharing,2f04734b-363f-4ebf-94d0-814464d49bd3
ed07fd8f-4d8e-4b5e-8579-bc9f44bad3a1,summary,"SPONSORED CONTENT Federal Reserve Financial ServicesThe Federal Reserve made several announcements fall key developments FedNow Service. Whether bank credit union already participating FedNow Service youre still thinking joining instant payments network, dont want miss exciting updates. The U.S. Department Treasurys Bureau Fiscal Serviceannouncedit added FedNow Service instant disbursements federal agencies, including FEMA, part itsDigital Payout program. The FedNow Service shaping move money, service continue flexible meet evolving feedback increasing demand. The Federal Reserve committed working industry continually develop enhance FedNow Service meet needs financial institutions, people, businesses serve, others payments ecosystem. To learn recent developments, read thisQ&A FRFS Chief Payments Executive Mark Gouldabout volume growth, new product features, recent developments FedNow Service.",2f6ad2d2-a5e1-4c8e-bc56-b86f07d7f4ee
446e0338-ae61-4d2f-895c-eda657bbef40,keyword,elder financial exploitation,2f7e0696-66c0-409b-9abb-ec1abe348a20
62000238-e57b-49ea-995b-68c27785d2ff,keyword,account acquisition,2f8a7a5a-0eea-4d88-ada3-b02e320e7f78
ed07fd8f-4d8e-4b5e-8579-bc9f44bad3a1,keyword,network transaction limit $10m,2f9bebd7-8eba-4f04-bf6f-1015dbf41826
a00b78c8-370a-40be-bf1f-eb304abfbcad,keyword,regional missouri bank,2fa4b042-4805-48a3-a80a-415ee9c4e03f
56645129-4d3f-4b45-9db3-518085a53c3e,keyword,intranet resources,301a0739-4013-46df-8a2c-093d55175987
1afadf49-dde2-4903-b1a6-087fe90e6df8,keyword,home price appreciation,301b989b-a30c-46fd-ad3e-c92c084ab162
23c2e147-b027-455d-9727-51ac79584d63,summary,"Fulton Financial Lancaster, Pennsylvania, agreed buy Blue Foundry Bancorp Rutherford, New Jersey. The deal, expected close second quarter, priced Blue Foundry 77% tangible book value. The $2.2 billion-asset Pinnacle said press release exchange 0.1095 shares stock share $1.5 million-asset Morris.",302265e0-b170-4ac5-a135-7a457f7ca4be
d5058242-44c6-4560-8983-1f14720018c1,summary,"The TCPA 1991 law regulates telemarketing informational calls using automated processes. In 2024 order, FCC required business treat consumers revocation consent receive one type call message revocation consented-to calls messages (the revoke rule). The FCC proposes eliminate provided number condition allows banks financial institutions place calls existing exemption fraud alerts numbers provided customer institution.",307fc898-f925-4739-af59-d02afd736039
abeb74af-85b6-4241-88ac-d7626dbe9e31,keyword,clearing house rtp,30833caf-31df-42f5-8634-8e6c731598d9
ec247c74-a711-4d9a-9b6d-ec009cd257aa,keyword,compliance,3148b091-3347-4f8f-a01a-8e21135b80fc
8e43ce16-d4d1-4d26-a4ca-88ae5ebbab41,keyword,fhfa house price index,314d008f-a746-462c-808b-0e1691655fbc
c5f167c5-2ac7-43a1-b420-3abf6f3157b8,keyword,catalytic converter theft,31644412-d46a-4daf-811d-36f424c330a8
f02359ee-3e9c-42b4-93a5-1834199be6dc,keyword,annual reverification,3237986e-7385-45c2-ae14-f1876eecf2f7
fafa6d5c-d46e-40a8-97a3-f02f48da91d8,keyword,stir/shaken,327a4dd1-dd52-49ea-9c3e-fda5da660ec3
1af8c83c-4eb0-439b-ac80-31a5b613244d,keyword,fraud trends,32ee6c57-c520-4d13-af29-d30848eadb7f
7b8f6f42-7225-4f5d-a690-945575d5dfbb,keyword,fannie mae,32fe3570-bb7d-4949-bd90-6cdcf1a0c140
e3711b20-be2f-4b59-9119-2b570b76a183,keyword,postal worker training,3313af77-fbb9-4d5f-9edb-e8d36378e939
0761cfba-7dac-4691-bfc8-b216c9182f95,keyword,press release,33b6ab2a-9b74-43ca-9c2b-4f19f691ecb0
ee3db751-b8f2-4838-8283-05af72a45a61,summary,"A G7 working group released statement outlining policymakers financial institutions consider weighing potential cybersecurity benefits artificial intelligence misuse technology malicious actors. When deployed effectively, AI bolster cyber resilience enhancing speed precision detection response revealing hidden system vulnerabilities, according statement.",33c81be1-00e1-4765-a3b6-36699383b6de
d380cbfa-e152-4277-9136-bbc9b2e36dc5,keyword,survey,33e8b07f-9302-4162-a273-8007c721309f
d5058242-44c6-4560-8983-1f14720018c1,keyword,provided-number condition,34027a41-9b77-4488-b5c0-7245d60827e2
45622da8-f82c-4b90-83f3-47734d2b624f,keyword,account takeover,3415d005-2bc5-4f5e-9046-24b62c07ca7d
347242d3-6e22-4375-8360-8d8de561cd58,summary,"The big story check fraud vast cost country individual victims, simply remarkable rate increasing. In episode:Paul BendaABA EVPHost, ABA FraudcastTags:ABA Fraudcastcheck fraudFinancial crimes",34a5ce58-6681-47cc-858b-d2c89be261e3
b5cf9e0a-6dc5-4de5-8d34-d96bb5f6ed6e,keyword,currency transaction reports (ctr),350b2a35-3dca-485e-91fc-9d66dc497d7d
cd215a97-49a3-41fa-bc76-b2e5583add4c,keyword,retail credit cards,35831e77-c47b-4b37-835f-697538b5b3aa
07b7a5e8-f9bc-4745-917f-d64fa95ca06a,keyword,scams,35a94df2-e649-4bc9-83c3-3cfc20f263f4
5ac083f6-1cf7-4616-89d4-ad40d695546e,keyword,fraud prevention,35daa6dd-9c32-4355-9c41-e5b488c78ec1
a7157774-b8e8-4c47-9bbe-5534b05d313f,keyword,ai surveillance analytics,35e3b0cb-8c68-45cc-81e3-5a459a30131f
5451ae1c-fda3-4bc9-9bf7-a8e68fd48379,keyword,consumer protection,35f37a40-55b0-4a61-bf29-320a06bfea80
4d5e02aa-1e21-445d-ad8a-ab2c1f9b7880,keyword,tax benefit,36031d2a-05f8-4ae1-81e9-ac01e0e32b0c
b3f100e2-59ed-4a5f-9301-d3e855e71f78,keyword,customer guidance,3654beaa-7f45-4097-a731-f78d7a74ab51
0761cfba-7dac-4691-bfc8-b216c9182f95,keyword,undisclosed price,369cbd54-c54f-4485-bbb1-415072e155ff
db319a41-b519-4c24-87e4-a30f75a94a16,keyword,financial institutions,3713cf18-d68a-4475-bea6-9fedea709d96
11193969-3b7e-4209-8238-e65830f7486b,keyword,30-year fixed-rate mortgage,373eab8c-fe5c-4dc8-b099-6dbf1626d25a
3e1cfcf6-9203-4b68-809b-a543c7721346,keyword,regulatory compliance,3776d7d6-a62f-4bab-8c51-e0c4c2f215e7
fafa6d5c-d46e-40a8-97a3-f02f48da91d8,keyword,tcpa,378ad499-e9a8-4a9f-b1cb-886126648d09
0761cfba-7dac-4691-bfc8-b216c9182f95,keyword,beaver dam,378aff7d-2f17-45a7-bd54-a394a68aaf2d
abeb74af-85b6-4241-88ac-d7626dbe9e31,keyword,fraud detection,37b8f6f7-772a-4db8-aa47-0179b66a16e4
c5f167c5-2ac7-43a1-b420-3abf6f3157b8,keyword,loss prevention research council,3802df4f-50bf-4f00-8dee-d9a75c85e5b6
aa2fe39b-1c92-4de2-bff6-66a9c492c80b,keyword,core service providers,3811ca44-345e-413b-8611-9ae75f83f372
17bf0a8d-21d5-4115-9644-3fc299ff7f69,keyword,industry trends,3829beeb-00cf-4474-bf5a-89fc48526138
56645129-4d3f-4b45-9db3-518085a53c3e,keyword,fraud investigators,3836f0d5-2ed1-4a04-a2bf-42d80c43ee18
e2c1a419-f45c-4fbe-99bf-ed4e43d8eb0d,keyword,fraud prevention,385af858-67e4-4edb-a2b0-b7feb114353a
8d048644-4c1d-4e91-8f64-d92ea8c8bc48,keyword,social media platforms,38b5d3e5-2bd2-42ee-b59c-13319729413a
0761cfba-7dac-4691-bfc8-b216c9182f95,keyword,columbus,393a9c9c-4257-450e-ba53-5d323cf078fb
abeb74af-85b6-4241-88ac-d7626dbe9e31,keyword,payment infrastructure,398c89f8-b2ec-403a-bc45-1cf290cf226a
29b71b02-5d9b-4b17-80e2-745bb6e367ef,keyword,ransomware,39a17cc4-fe77-4b7a-93a2-e8aac8f656ac
56645129-4d3f-4b45-9db3-518085a53c3e,keyword,public outreach,39ca928c-abbc-4d63-95c7-41bfed3e6b37
5b078166-f003-4b1e-8398-0e5ef174b923,keyword,fraud prevention,39cb45bb-2c28-430b-8569-33eb5487c4f3
a7157774-b8e8-4c47-9bbe-5534b05d313f,keyword,emv/chip attacks,39d8c9b6-87c0-42fb-bc18-0ad309c6f64a
00f203d8-2f61-420c-9455-b8ae6aa797d7,keyword,treasury checks,39dbaef4-c34d-4903-b5fe-902b4c412bb1
45622da8-f82c-4b90-83f3-47734d2b624f,keyword,scam stages,3a71fb9b-9e0a-45c4-bd5f-3dbc7de0a4a0
5d43c79e-303b-4cc0-a870-970bd919a6b4,keyword,fdic,3a7b0dd1-4d06-4f5b-8257-f520e05c6625
5ac083f6-1cf7-4616-89d4-ad40d695546e,keyword,fbi,3a92cae9-204f-4e77-8e0e-48de3e6cc0fb
5b078166-f003-4b1e-8398-0e5ef174b923,keyword,aarp fraud support,3b24a583-0e47-4b8b-8839-db8428988dd1
463b06bf-1141-4884-ab61-6c1b32d733c5,keyword,balance sheet,3b72b9f9-3401-4da1-b9c8-11ef56bc1270
d5058242-44c6-4560-8983-1f14720018c1,keyword,consumer protection,3b783052-5477-4810-b846-6fbc131cef88
e2c1a419-f45c-4fbe-99bf-ed4e43d8eb0d,keyword,banks,3ba3bbe9-7203-4d57-934c-b94059332882
ed80cfc1-737e-4337-9c4c-8ce7ee6981e7,keyword,soft skills,3bc614d2-6221-4688-9053-cd3c5585e2b9
e24060c5-7b26-4b7c-b34c-4f5a8bf769ab,keyword,check fraud,3c08c3af-d5ef-4bdd-8d2d-a9219fccbf5a
b0a873ea-6fb1-4f0f-a8a0-295c250d9896,keyword,fraud detection,3c30ec5c-1e07-4df0-ae46-d036893424f9
8ac8360c-fa1c-4ea7-842c-7f3db4a30fe3,keyword,community banks,3c423e71-546e-4c50-b037-ca4ccc487840
fafa6d5c-d46e-40a8-97a3-f02f48da91d8,keyword,banks/financial institutions,3c5a0459-8951-4c8d-8459-dc8ec2c8b4c8
56645129-4d3f-4b45-9db3-518085a53c3e,keyword,red flags,3cb4ad3a-8c93-45d7-b222-e1019641ddf4
c5f167c5-2ac7-43a1-b420-3abf6f3157b8,summary,"This article cover story November-December 2025 edition ofABA Risk Compliance Magazine. Since launch, operation resulted dozens arrests, indictments, multimillion-dollar asset seizures, driven part information-sharing partnerships retailers FIs. These structured criminal enterprises involving two individuals steal merchandise retailers, commit fraud, convert goods cash, often reselling online illicit channels. Were talking professional crews clearly defined roles members responsible theft, others handle logistics, sales, proceed laundering. Weve seen lot focus cosmetics, mentioned, also big uptick auto space, especially catalytic converter thefts. Due safety violence concerns, many stores engage policies staff, value goods stolen stays felony threshold, organized crews know get quickly without much consequence. Estimates suggest retail theft adds $500 year costs average family.[v]Thats stores raise prices offset losses. Its organized crime ripple effects across entire neighborhoods. In California, even pop-up houses crews sell high-end goods know exactly target much profit. Some fencing operations work organized groups build full-scale online selling pipelines. Look red flags like structured payments, multiple accounts using addresses, shell companies, even stock photos business profiles. Back launched Operation Boiling Point Homeland Security, saw firsthand real impact happens communities come together. Once brought banks quarterly threat briefings, really started see momentum. The criminal network involved also engaged drug trafficking, weapons offenses, human trafficking, even COVID relief fraud. She network boosters people assigned steal specific items detailed shopping lists. Some buyers likely didnt know items stolen, others probably did. This knowing customer [KYC] enhanced due diligence really matter. This also community engagement public-private partnerships come in. Rowland: Taking Michelle Mack case example, type activity isnt usually uncovered SAR, correct?Thats great point, Sepideh. Rowland: Once retailer alerts law enforcement investigation begins, point go back look SAR?That typically happens law enforcement begins mapping financial aspect case. In places like Southern California, instance, gift card fraud, EBT abuse, stolen goods moving dozens financial institutions daily. Without centralized hub, onesies twosies hard pinpoint holistic view. Thats banks need clear protocols training help staff identify red flags, whether using existing reports building internal resources like red flag one-pagers. Banks stay active communities remain alert ORC typologies play vital role disrupting networks damage spreads. Criminals use familiar tactics: structuring small deposits, falsifying employment, fake addresses. Law enforcement needs better tools training trace crypto, especially fiat conversion points. Rowland: As wrap up, whats call action financial institutions? Each bank look inward ask: What missing training education efforts? Thats I think real progress made sides learn others playbook start building solutions together.",3cd16a7d-d17c-4f69-9bd0-07c4aca02672
05d418d8-3b07-4da4-95c9-c9c6007f8154,keyword,check fraud prevention,3ced4db9-e99d-4124-80c8-fe5dc5a30f6c
3e1cfcf6-9203-4b68-809b-a543c7721346,keyword,board oversight,3d02ada0-22cd-447b-bc92-208b2cd75d49
1d57d511-fe4c-479f-8547-c8143027545c,keyword,banks,3d6ed644-13fe-4233-94ac-4fb0aed9f053
f02359ee-3e9c-42b4-93a5-1834199be6dc,keyword,website spoofing,3d877822-5b64-4d87-a04d-2a1092bb6572
4d5e02aa-1e21-445d-ad8a-ab2c1f9b7880,keyword,tax credits,3e8d4b38-b8a3-484d-9e5e-5bf06f26f7c0
52aca3b8-a7df-40c5-b37f-fab7313209eb,keyword,self-reporting,3e8edd09-6d4e-4c76-8dd5-dc3b82993428
ed80cfc1-737e-4337-9c4c-8ce7ee6981e7,summary,"In early 20th century, era caveat emptor buyer beware norm customers interaction businesses, group department store moguls credited flipping script. First, scenario-based training allows employees understand different situations may encounter trust instinct gut something telling requested doesnt seem right. Soft skill training provides understanding knowing questions ask ask them. Having employees know empowered supported allows trust judgement make right decision say customer, said.",3e9b185a-df8f-4ec3-8a44-11b472f20455
4f66b755-1b07-451c-b18d-6c4ab481da75,keyword,illegal automated calls,3ea85145-6bbe-4572-b1df-e2a844a4ffb6
0260698b-07fd-4346-a307-f446fa5431b0,keyword,morning consult,3ec433b1-0015-4450-a1b9-01315d3b2ca1
6f20ee1e-fc94-479c-90c0-36954002409a,keyword,impersonation,3eddeabe-259d-46e7-ac20-7db6de0a2653
0761cfba-7dac-4691-bfc8-b216c9182f95,keyword,oklahoma city,3ee44c1f-7634-4f08-aacf-6589b96719dc
214c3121-1f28-4919-9a3f-6a7dd11be3f5,keyword,wire fraud,3f1e62bb-4210-4176-8ab4-42704c42378b
f8ef297f-060e-4365-8d9b-264ba862c619,keyword,prevalence,3f6d8ba4-a756-4989-9f92-25ec2af854a5
347242d3-6e22-4375-8360-8d8de561cd58,keyword,united states postal inspection service,3fb9bf86-fffc-4303-b26b-55904a620186
0daa37b6-8f58-4406-b6bd-5e0161a92516,keyword,aba foundation,4007e766-f3eb-42a9-bb00-877481f2f1af
463b06bf-1141-4884-ab61-6c1b32d733c5,keyword,network fees,400fc120-a052-4196-8c2d-0c9732344714
a7157774-b8e8-4c47-9bbe-5534b05d313f,keyword,remote monitoring,40100018-d1be-4a7b-abed-bb88309c77c0
62000238-e57b-49ea-995b-68c27785d2ff,keyword,careers in banking,402261b0-08d8-4f0a-9b43-b4dc728085d1
05d418d8-3b07-4da4-95c9-c9c6007f8154,keyword,check fraud symposium,40249746-b485-4129-b06f-686f3ac39b23
778422c8-9d96-4446-9e10-5e19d878c0a8,keyword,economic development,40acd73b-fc40-43cf-add0-7452f95639d1
07b7a5e8-f9bc-4745-917f-d64fa95ca06a,keyword,information sharing,41595e69-d5ca-4739-8b22-6d619f951a20
29b71b02-5d9b-4b17-80e2-745bb6e367ef,keyword,phishing,417ccc6e-19cb-48bf-8451-eb8b53303de4
4a6359df-85f0-4b44-a2c6-dc7b25af00fe,keyword,2024 fraud insights,41924d81-09e8-436b-b7a9-705bd5ca4af5
0daa37b6-8f58-4406-b6bd-5e0161a92516,keyword,aba fraudcast,41a1f746-e25a-4ef9-9e20-46dcf056189b
80f9af1b-23f6-47c9-b488-830163630357,keyword,social media impersonation,41c05d34-7582-4482-91fd-d7e82d8a4dd2
e3711b20-be2f-4b59-9119-2b570b76a183,keyword,u.s. postal inspection service,42028389-0af4-4049-80c5-85c4522dae3f
8d048644-4c1d-4e91-8f64-d92ea8c8bc48,keyword,banks,423dc2a0-c845-49db-b814-7f68649619c2
05d418d8-3b07-4da4-95c9-c9c6007f8154,keyword,federal paychecks,4243cf97-91a7-4f4a-add2-6894f83561e2
1d57d511-fe4c-479f-8547-c8143027545c,keyword,branch consolidation,425b1268-2f9e-4cc6-8dd5-4cc0fcf6d64e
d5058242-44c6-4560-8983-1f14720018c1,keyword,a-level attestation,42e69b46-51e2-42cd-973d-bf0269bab742
abeb74af-85b6-4241-88ac-d7626dbe9e31,keyword,orchestration layer,439ed3ba-3a75-4a02-8b21-3e623c48300c
214c3121-1f28-4919-9a3f-6a7dd11be3f5,keyword,spoofing,43ba4737-8062-455c-b059-752aba827bb4
467830e6-b416-4627-9d20-580f2bf8b3d9,summary,"Despite market challenges, housing professionals still expect access affordable housing grow coming year, according toa recent survey TD Bank. Respondents cited high construction costs (55%) price increases tariffs (39%) biggest barriers affordable housing development.",442dd085-0af0-41b0-85d5-a656b4f8afc7
8e43ce16-d4d1-4d26-a4ca-88ae5ebbab41,keyword,home prices,44452a08-cdfd-4021-a786-1d12d29a4d39
a7157774-b8e8-4c47-9bbe-5534b05d313f,keyword,technician protocols,44483bf7-868b-4280-9592-69b178b92280
b3f100e2-59ed-4a5f-9301-d3e855e71f78,keyword,trust,44486dc1-4f42-4006-8591-ca4793505f9e
1d57d511-fe4c-479f-8547-c8143027545c,keyword,payment choice act,446d5716-7645-4a51-907f-8bd87198ede9
3e1cfcf6-9203-4b68-809b-a543c7721346,keyword,explainability,44fce13c-dd2d-4751-8592-f24b705135a7
d5058242-44c6-4560-8983-1f14720018c1,keyword,revocation of consent,454ed8a9-1454-4329-b3b1-86b118fe18fd
a00b78c8-370a-40be-bf1f-eb304abfbcad,summary,"With equipment repair costs 40% past years, farmers deploy expensive agricultural machinery top concern ag bankers. There many things eroding cash flow farmers, notes, input costs, land rent costs equipment repair costs.",45c68c92-24b2-47b8-b18e-30d36c1d209c
3e1cfcf6-9203-4b68-809b-a543c7721346,keyword,agentic ai,4670e4ef-0518-4206-a4dd-aca4ef932738
80f9af1b-23f6-47c9-b488-830163630357,summary,"And ensuring social media companies quickly take impersonation accounts? Please subscribe!ABA offers resourcesto help banks prevent, identify, measure report fraud, serve protect consumers financial data.",46922e25-3603-425c-ba01-14c28220759f
5ac083f6-1cf7-4616-89d4-ad40d695546e,keyword,risk management,4692625e-1ff3-4d2d-8729-0d90de3e039e
05d418d8-3b07-4da4-95c9-c9c6007f8154,keyword,api integration,46a92e54-4d9a-49bb-b71c-c062980bf676
00f203d8-2f61-420c-9455-b8ae6aa797d7,keyword,risk and cybersecurity,46bbb581-3771-472f-8d7c-670ad562fb3e
0761cfba-7dac-4691-bfc8-b216c9182f95,keyword,wisconsin,47106f01-280e-436d-96af-aea4a361ec1f
aa2fe39b-1c92-4de2-bff6-66a9c492c80b,keyword,community banks,4724f323-31c0-4de2-9e55-14469979ec65
56645129-4d3f-4b45-9db3-518085a53c3e,keyword,escalation process,479d43ab-a007-40e3-8f2c-3eb1253351c5
80f9af1b-23f6-47c9-b488-830163630357,keyword,banks never ask that,47c63a90-ae1e-466c-8c3b-896b06d954ca
db319a41-b519-4c24-87e4-a30f75a94a16,keyword,fraud detection,47d92451-392c-4535-8355-21da6ed4da4b
f8ef297f-060e-4365-8d9b-264ba862c619,keyword,financial institutions,483e527f-75a1-41f7-9c19-4b6072fbf5ca
214c3121-1f28-4919-9a3f-6a7dd11be3f5,keyword,caller id spoofing,4859af87-2d69-4517-acf9-4e7698668e82
f02359ee-3e9c-42b4-93a5-1834199be6dc,keyword,domain monitoring,486424f8-4311-458e-bdaa-963470f8217d
227b2ecb-6e1d-4bca-9a1e-e6873bec78d1,keyword,american bankers association,48a602a4-6c9a-44b0-ad4c-ae23f2d5f8a3
05d418d8-3b07-4da4-95c9-c9c6007f8154,keyword,check theft,48b41de8-dea9-408b-98f3-66ccfa4178a3
52aca3b8-a7df-40c5-b37f-fab7313209eb,keyword,advance notice,48cf3b6b-f2a1-4e8f-a211-98bc0f5688ac
4f66b755-1b07-451c-b18d-6c4ab481da75,keyword,american bankers association,48e415ac-df29-429c-bc64-368e932da036
e24060c5-7b26-4b7c-b34c-4f5a8bf769ab,keyword,fraud detection,48f53d11-77df-49d2-9a15-34d4e2e97800
23c2e147-b027-455d-9727-51ac79584d63,keyword,cash consideration,496503ec-37c4-431e-846a-fa5d297a027c
214c3121-1f28-4919-9a3f-6a7dd11be3f5,keyword,social engineering,498b0842-74a6-4359-b188-a4abdeedee08
0761cfba-7dac-4691-bfc8-b216c9182f95,keyword,assets,49997b70-de57-472a-bb3b-16f951ec4f9b
a7157774-b8e8-4c47-9bbe-5534b05d313f,keyword,atm shimming,49e1baeb-5c69-48ee-ade7-daeaadfad81e
214c3121-1f28-4919-9a3f-6a7dd11be3f5,keyword,fraud detection,49fa2828-4e54-4369-a8ae-f7f2af293924
f8ef297f-060e-4365-8d9b-264ba862c619,keyword,anxiety,4a046960-1eba-426d-a3f8-1f76a24b8d6e
214c3121-1f28-4919-9a3f-6a7dd11be3f5,keyword,imposter scams,4a340e9e-d7b5-49a9-a46f-904315785fb4
e24060c5-7b26-4b7c-b34c-4f5a8bf769ab,keyword,aba resources,4a9f8e5d-ee3d-4484-9f44-2db0dd0d25a8
4f66b755-1b07-451c-b18d-6c4ab481da75,keyword,regulatory compliance,4aa1752e-e7fc-4da2-8c09-9d9a6761c92c
ec247c74-a711-4d9a-9b6d-ec009cd257aa,keyword,outsourcing,4aace7bc-deb4-4ec4-994a-6edc665c7183
68958063-4dd6-4f4f-b392-66c1e228d16d,keyword,social engineering,4acfaab1-13ea-46df-b9dd-dbb50ef34e1b
6c15d87f-b669-4872-bf0a-afb55937d125,keyword,fbi,4ae53f36-eb26-4980-bc6b-c69ed18f3af8
4f66b755-1b07-451c-b18d-6c4ab481da75,keyword,caller id spoofing,4b0c6a5c-31a3-4e42-8d8c-0480470bf00c
4024661e-a83a-4fcf-b312-401df444f880,keyword,liquidity risk,4b4dfaf2-2e19-4419-9409-18a060e9fc8d
1d57d511-fe4c-479f-8547-c8143027545c,keyword,giesecke+devrient (g+d),4b8460ba-ab91-494c-9600-6435954809e7
467830e6-b416-4627-9d20-580f2bf8b3d9,keyword,development barriers,4bb4a175-3ac5-4a8a-ae21-c8d9fb94c896
e8345ee5-bd15-4ab4-a554-f571f8312851,keyword,aba,4beb2e61-c7db-41e8-ac08-9d02705624b9
f02359ee-3e9c-42b4-93a5-1834199be6dc,keyword,registry operator,4c87d267-dafb-4bfd-9840-6065103160d2
5ac083f6-1cf7-4616-89d4-ad40d695546e,keyword,consumer protection,4c8c73ab-e692-432d-8301-117395f8f936
a00b78c8-370a-40be-bf1f-eb304abfbcad,keyword,ag banking,4c96eaec-b6cc-47da-a30f-867fa6eb07a2
abeb74af-85b6-4241-88ac-d7626dbe9e31,keyword,permission-based transactions,4cb05ba6-b048-4aa6-9df9-5529cfdbf81f
1afadf49-dde2-4903-b1a6-087fe90e6df8,keyword,median home value,4d2c6eac-1199-4e97-83e1-e444c6276b8c
abeb74af-85b6-4241-88ac-d7626dbe9e31,keyword,mastercard agent pay,4da30459-48fc-4b23-8b8f-544643315c2a
62000238-e57b-49ea-995b-68c27785d2ff,keyword,jeff martinez,4da63970-4277-45c1-8dce-d23485d9f5ff
6f20ee1e-fc94-479c-90c0-36954002409a,keyword,american bankers association foundation,4dbf514e-a0c3-4a1c-840e-c818d9b08a13
a00b78c8-370a-40be-bf1f-eb304abfbcad,keyword,right to repair,4dcac8b0-ad61-4b68-b670-e6bf88609417
ec247c74-a711-4d9a-9b6d-ec009cd257aa,keyword,operational efficiency,4eb270de-f5e7-4c87-8f68-20a79e7e950f
f02359ee-3e9c-42b4-93a5-1834199be6dc,keyword,phishing prevention,4ecde35d-5913-40d0-9d34-4f5b51073d4f
05d418d8-3b07-4da4-95c9-c9c6007f8154,keyword,government checks,4f4cb196-af81-4e00-8029-6497ce9b55f2
f8ef297f-060e-4365-8d9b-264ba862c619,keyword,2025,4f5b6976-fdbb-4aea-9474-97a7f0216ae9
aa2fe39b-1c92-4de2-bff6-66a9c492c80b,keyword,community bank leverage ratio,4f5d1057-ae36-4e12-a0e1-da2d4d9bebce
e8345ee5-bd15-4ab4-a554-f571f8312851,keyword,banking industry,4fbd4337-116c-413b-ab33-ea49e526ea01
1d57d511-fe4c-479f-8547-c8143027545c,keyword,payments ecosystem,4fcf5337-a780-4317-ae02-44617d0ca4de
4d5e02aa-1e21-445d-ad8a-ab2c1f9b7880,keyword,treasury department,4fdcd562-0a27-47a8-944a-a4d4b7caa311
0260698b-07fd-4346-a307-f446fa5431b0,keyword,ai training consent,5005aa21-e7ea-4b25-b0e5-fbb9e1eff623
fafa6d5c-d46e-40a8-97a3-f02f48da91d8,keyword,revocation of consent,508405f4-319c-4295-bed1-f73ed586f300
47e731ac-7f5f-4d7c-bcef-750228cc3173,keyword,fraud detection,50934ab1-403f-47e2-b1e1-805f7cc91063
1afadf49-dde2-4903-b1a6-087fe90e6df8,keyword,fhfa house price index,50c5dc4f-3aa6-43a2-93e2-7fc75e41c6a7
5d43c79e-303b-4cc0-a870-970bd919a6b4,summary,"The ECOA prohibits creditors discriminating applicants basis race, sex factors. According rule, proposed changes eliminate liability based solely disparate-impact like discouragement claims.",51484768-84bb-404d-ab3e-432470606c78
abeb74af-85b6-4241-88ac-d7626dbe9e31,keyword,retry and failover logic,5158aa51-0396-4457-a42d-5200666a6d27
5b078166-f003-4b1e-8398-0e5ef174b923,keyword,financial fraud,51bc5861-a1ab-486c-9bfe-8fcddbf46478
4a6359df-85f0-4b44-a2c6-dc7b25af00fe,keyword,fraud trends,51d2fef0-6833-46e1-9645-7c0981f375cb
56645129-4d3f-4b45-9db3-518085a53c3e,keyword,fraud hotline,51f9bb54-637e-4614-a86f-fcd9cc4cdae2
d380cbfa-e152-4277-9136-bbc9b2e36dc5,keyword,wire transfers,523dc503-f14d-4f0e-94cc-3beb68f771f8
446e0338-ae61-4d2f-895c-eda657bbef40,keyword,consumer protection,524e37b0-9582-471c-afaa-376a4ab5179a
45622da8-f82c-4b90-83f3-47734d2b624f,summary,"From virtual kidnapping cyber-enabled scams, fraud constantly evolving. It critical understand key components fraud scams, victimology, key indicators opportunities mitigating risk.",528654ad-0ac7-48d8-a999-00476cfb330c
b3f100e2-59ed-4a5f-9301-d3e855e71f78,keyword,brand loyalty,52a41d8a-2d15-436e-83e5-8cb74315d4e1
c5f167c5-2ac7-43a1-b420-3abf6f3157b8,keyword,michelle mack case,52e63186-b211-41ce-950d-93b79fc8a4b7
6f20ee1e-fc94-479c-90c0-36954002409a,keyword,safe banking for seniors,53022319-0bc2-4bd5-9fed-73be085b1127
ec247c74-a711-4d9a-9b6d-ec009cd257aa,keyword,ascensus,5356fe3b-3fcd-4bf5-aab6-4632abc8ff2a
95f5f17b-f5b9-49db-a410-a73e846898a3,keyword,economic growth,538f441b-e416-4793-8a27-7466e3c25dd2
5d43c79e-303b-4cc0-a870-970bd919a6b4,keyword,sex,5393f7ef-d3da-4a8a-95ec-b1cfe733bb2a
e24060c5-7b26-4b7c-b34c-4f5a8bf769ab,keyword,sam drennen,53a03ac4-1422-4f2d-80e2-fb4527187db4
446e0338-ae61-4d2f-895c-eda657bbef40,summary,"As elder fraud skyrockets, banks actively seeking strategies protect customers, including proper use hold laws delay transactions suspected cases exploitation. Please subscribe!ABA offers resourcesto help banks prevent, identify, measure report fraud, serve protect consumers financial data.",53bebc56-2817-41eb-8ff7-13bead396318
4d5e02aa-1e21-445d-ad8a-ab2c1f9b7880,keyword,one big beautiful bill act,53e48690-7a45-45d4-b99e-930ffb3eccf3
b3f100e2-59ed-4a5f-9301-d3e855e71f78,summary,"With new mortgage origination volumes rise steadily declining past four years, lenders fundamentally changed way work customers. Additionally, customers mortgage lenders receive top scores delivering useful guidance 2.3 times likely say definitely choose lender future loans. Overall satisfaction 32 points higher lenders connect customers beginning home-buying journey, start actively shopping, compared satisfaction engagement begins later journey.",5425f479-ceb2-4929-ae93-539fe71eb6af
00f203d8-2f61-420c-9455-b8ae6aa797d7,keyword,check fraud,5449a0b5-ddba-4a4b-ba73-ed07a6202ca9
b5cf9e0a-6dc5-4de5-8d34-d96bb5f6ed6e,keyword,bsa reform,544da03f-dae8-4154-a740-0f3a8d3a2fbf
1afadf49-dde2-4903-b1a6-087fe90e6df8,keyword,mortgages,5469f2b3-438b-451b-88d3-4ceac2229ad6
4d5e02aa-1e21-445d-ad8a-ab2c1f9b7880,keyword,refinancings,549bbe19-3c38-4a49-96d8-4efc78a4db44
e24060c5-7b26-4b7c-b34c-4f5a8bf769ab,keyword,fraud prevention,54f39ac9-b38e-490f-80d7-598af68937e5
db319a41-b519-4c24-87e4-a30f75a94a16,summary,"That thesis ofUnited We Stand: A National Strategy Prevent Scams, new report Aspen Institute. Please subscribe!ABA offers resourcesto help banks prevent, identify, measure report fraud, serve protect consumers financial data.",55010333-6c39-433c-83b3-1fcbd32aa5d0
e2c1a419-f45c-4fbe-99bf-ed4e43d8eb0d,summary,"On episode ABA Fraudcast, dive Internet works easy criminals create fake bank websites. ABA Fraudcast host:Paul Benda, EVP, Risk, Fraud Cybersecurity, ABATags:.bankABA FraudcastData securityFraudWebsites",5544adaf-c10b-4ce3-be6e-02e9f1b4defd
68958063-4dd6-4f4f-b392-66c1e228d16d,keyword,voice cloning,5572013a-ae2c-4614-9c3e-b506c28eb130
cd215a97-49a3-41fa-bc76-b2e5583add4c,keyword,synthetic identities,5580e607-1bde-4807-99da-2a232f8fed66
56645129-4d3f-4b45-9db3-518085a53c3e,keyword,identity theft,55cf3408-006b-48bd-9334-2c47a15922e5
7b8f6f42-7225-4f5d-a690-945575d5dfbb,keyword,fhfa,562dc67e-1246-4906-a58d-90dbf3779c2b
214c3121-1f28-4919-9a3f-6a7dd11be3f5,keyword,behavioral biometrics,565a8f63-f8a8-4476-930f-31d4874632cb
17bf0a8d-21d5-4115-9644-3fc299ff7f69,keyword,fraud prevention,56755bf5-1e95-4421-b786-e1a5cb775a18
29b71b02-5d9b-4b17-80e2-745bb6e367ef,keyword,cybersecurity,56aacb01-17d0-4245-b95f-c1089bcce55c
00f203d8-2f61-420c-9455-b8ae6aa797d7,summary,"Benda announced new feature theFinancial Crimes Enforcement Conference, taking place week Arlington, Virginia. ABA launched tool June, allowing member banks access Treasury Departments TCVS cost.",56c442cd-42d2-42db-a220-333ce18a95cf
2633b10b-460a-431e-b17e-47e99df629be,keyword,american bankers association (aba),56d24fed-14ec-4704-9db9-c4d1835fc589
347242d3-6e22-4375-8360-8d8de561cd58,keyword,fraud prevention,56db21e1-b6bb-4ac3-b98d-708b93ae11f8
95f5f17b-f5b9-49db-a410-a73e846898a3,keyword,governance,56e3a1b4-02a6-4b27-95e8-e19c59c73206
45622da8-f82c-4b90-83f3-47734d2b624f,keyword,u.s. federal agency sources,578ca9e1-656f-4a2d-bcaf-225e24db1a7e
467830e6-b416-4627-9d20-580f2bf8b3d9,keyword,bridge financing,57c79dce-24dd-46c2-b55a-1a6e187b7a2c
db319a41-b519-4c24-87e4-a30f75a94a16,keyword,paul benda,57d060b5-8b20-4e77-8f3a-c18470e32529
d5058242-44c6-4560-8983-1f14720018c1,keyword,federal communications commission,57ee1869-964d-4644-925c-c654d4c28eaa
5d43c79e-303b-4cc0-a870-970bd919a6b4,keyword,consumer financial protection bureau,585e9174-eabd-4adc-afb7-77fa22c5b16e
ee3db751-b8f2-4838-8283-05af72a45a61,keyword,malicious actors,58d4c8de-ce6f-40de-ace4-db441ca409a9
08be2bb8-2da1-439e-8d73-d54a52f8ddc6,keyword,transparency,590a43de-441c-42ec-bbb2-50c123c5d70f
f8ef297f-060e-4365-8d9b-264ba862c619,keyword,state of fraud report,591e25af-9592-4dea-842f-a38bb2fd1675
778422c8-9d96-4446-9e10-5e19d878c0a8,keyword,evan sparks,599664ee-52af-4659-82bd-2642a18bfc21
07b7a5e8-f9bc-4745-917f-d64fa95ca06a,keyword,telecom,59d25fcc-bff1-402b-843d-6fc5be9b399a
6c15d87f-b669-4872-bf0a-afb55937d125,keyword,ic3,5a1dbae3-bf97-44a0-a148-c519925a50d5
1afadf49-dde2-4903-b1a6-087fe90e6df8,keyword,freddie mac,5a2344cf-d7ac-4d3d-b87b-484a28d0eae2
a00b78c8-370a-40be-bf1f-eb304abfbcad,keyword,aba agricultural bankers conference,5a5397ba-a605-4745-bd0c-a91bf6cd8e2c
68958063-4dd6-4f4f-b392-66c1e228d16d,keyword,online scams,5a56dd24-61e2-43a6-9a7f-4df2c558560e
ed07fd8f-4d8e-4b5e-8579-bc9f44bad3a1,keyword,fraud mitigation,5a67114f-169d-46cf-a560-df5964fc5348
1d57d511-fe4c-479f-8547-c8143027545c,keyword,cash access,5a95eccf-fbd9-435b-99e4-e05e2fb9ee45
68958063-4dd6-4f4f-b392-66c1e228d16d,keyword,internet crime complaint center,5aeda71e-1b83-4f63-b010-509d373e5a34
17bf0a8d-21d5-4115-9644-3fc299ff7f69,keyword,elder financial abuse,5b0cd108-4917-491c-94af-949473178d9a
467830e6-b416-4627-9d20-580f2bf8b3d9,keyword,lending programs,5b2b12a4-03b9-4d7b-b171-1b770a55a4aa
c5f167c5-2ac7-43a1-b420-3abf6f3157b8,keyword,po box businesses,5b656f90-7cc2-417d-9a5f-2d741a44b4f3
68958063-4dd6-4f4f-b392-66c1e228d16d,keyword,financial fraud,5b9a137e-077a-46f2-b44c-f49526e27803
6f20ee1e-fc94-479c-90c0-36954002409a,keyword,fbi,5bb7cbe3-73ea-417e-8ecb-5692698552ca
bac26a1f-b35e-4170-b315-72f3935574a7,keyword,financial sector,5c019608-60a2-40e6-b283-62345be605df
d5058242-44c6-4560-8983-1f14720018c1,keyword,do-not-call list,5c73784d-b49e-4f6f-af04-7abcce53132e
4d5e02aa-1e21-445d-ad8a-ab2c1f9b7880,keyword,access to credit,5c8a8dc7-af5c-49fd-beb6-e32cefae9896
ec247c74-a711-4d9a-9b6d-ec009cd257aa,keyword,digital transformation,5cd98b81-d6eb-4d88-9cb3-215c3b608505
8e43ce16-d4d1-4d26-a4ca-88ae5ebbab41,keyword,new york city,5d4f8156-e0ae-4352-89d2-b5c3a1484ca7
b5cf9e0a-6dc5-4de5-8d34-d96bb5f6ed6e,summary,"It would also require Treasury Department adjust amounts inflation every five years. In House, Financial Reporting Threshold Modernization Act (H.R. 1799), led Rep. Barry Loudermilk (R-Ga.), would make changes.",5d7462c3-baab-411e-aa09-d022d08445cf
8ac8360c-fa1c-4ea7-842c-7f3db4a30fe3,keyword,8% threshold,5d7bbcb0-c638-4f1a-b2c8-615e907f2ca1
778422c8-9d96-4446-9e10-5e19d878c0a8,keyword,american history,5d9e92fc-3b00-4827-88ee-d66170c7b58c
e24060c5-7b26-4b7c-b34c-4f5a8bf769ab,summary,"In latest episode ABA Fraudcast, ABAs Paul Benda continues explore challenges metastasizing problem banks, guest Sam Drennen, EVP COO First American Bank Trust Georgia. Check important ABA resources topic banks ataba.com/checkfraud.The recently remodeledABA Communitiesprovide opportunities share insights resources fellow bankers.",5ddaf9a6-5c1b-4a4c-856c-9ddf3c7f2404
5451ae1c-fda3-4bc9-9bf7-a8e68fd48379,keyword,american bankers association survey,5e0fb75b-b465-4065-9e7d-6c5f293d91f3
4a6359df-85f0-4b44-a2c6-dc7b25af00fe,keyword,established accounts,5e26d511-857b-4f00-b1ba-93b262067f35
db319a41-b519-4c24-87e4-a30f75a94a16,keyword,scam awareness,5ea27a6b-4170-452d-9f9a-e4d265b206ed
6c15d87f-b669-4872-bf0a-afb55937d125,keyword,scams,5ed5b2db-cd5a-40d3-9373-59f3d25b675f
62000238-e57b-49ea-995b-68c27785d2ff,keyword,firstbank,5ee80c4e-874c-436d-9df5-3d91e93997ec
62000238-e57b-49ea-995b-68c27785d2ff,summary,"PNC Bank nations eighth-largest bank assets sixth-largest deposits, ranks fourth number physical branches. PNCs strategy combining organic growth M&A (most recently Colorado FirstBank).Professional opportunities created bank employees in-person delivery network.",5faeba10-5f70-4000-bbb8-a9c37cd8b7d2
db319a41-b519-4c24-87e4-a30f75a94a16,keyword,consumer protection,5fb81091-15cd-486f-ada5-f95592a54f79
b0a873ea-6fb1-4f0f-a8a0-295c250d9896,keyword,customer protection,5fcc7313-9e2d-4543-84b2-beb3f4f89e1d
5ac083f6-1cf7-4616-89d4-ad40d695546e,keyword,paul benda,5ff12e26-1352-4407-93cb-682b6bd9b454
0260698b-07fd-4346-a307-f446fa5431b0,keyword,open banking,60136ec7-9726-45a4-9b3d-fc11e83c203f
23c2e147-b027-455d-9727-51ac79584d63,keyword,financial institutions,605bceed-6b4e-4c05-8413-13814d73a297
08be2bb8-2da1-439e-8d73-d54a52f8ddc6,keyword,consumer opinion,605dc235-f9a0-44f2-9473-894568c24528
4d5e02aa-1e21-445d-ad8a-ab2c1f9b7880,keyword,proposed regulations,60e827d4-d276-45e5-a0ef-5c2f60ac4cdc
4a6359df-85f0-4b44-a2c6-dc7b25af00fe,keyword,increased fraud attempts,60edfc8c-5ca7-4cff-8574-5746ccaf28b9
fafa6d5c-d46e-40a8-97a3-f02f48da91d8,keyword,american bankers association,61110085-2200-41f3-b3b5-f89e3cb319f1
f02359ee-3e9c-42b4-93a5-1834199be6dc,keyword,email authentication,61cfcf48-7cae-42b9-afaf-92a49fe465ef
214c3121-1f28-4919-9a3f-6a7dd11be3f5,keyword,telecommunications,61f94673-6d15-48a4-9b42-acf50179c01a
5d43c79e-303b-4cc0-a870-970bd919a6b4,keyword,equal credit opportunity act,62037937-8c27-4c09-8010-703601a23ea2
347242d3-6e22-4375-8360-8d8de561cd58,keyword,aba fraudcast,62273012-097b-43b0-bf6d-90e1da0d7379
80f9af1b-23f6-47c9-b488-830163630357,keyword,aba fraudcast,62314f3c-5987-45f9-bed1-db778e3b7354
95f5f17b-f5b9-49db-a410-a73e846898a3,keyword,stablecoins,626a2fb4-c3ba-4b4d-b2b3-bdd803c889d5
0daa37b6-8f58-4406-b6bd-5e0161a92516,keyword,financial crimes,62a9a72a-1372-4577-a28a-fc580adc8524
778422c8-9d96-4446-9e10-5e19d878c0a8,keyword,canal development,62b8bcbd-75eb-4b6d-9c56-7ae64495dad1
80f9af1b-23f6-47c9-b488-830163630357,keyword,fcc,6307802b-aada-4040-a9a5-95c5b65b9f1c
00f203d8-2f61-420c-9455-b8ae6aa797d7,keyword,treasury check verification system,63154286-8d20-4d59-861a-828b477d370e
80f9af1b-23f6-47c9-b488-830163630357,keyword,house financial services subcommittee,636f14df-ac1c-4b49-b55d-ad41f8deb218
ed07fd8f-4d8e-4b5e-8579-bc9f44bad3a1,keyword,exception resolution service,63a1ee77-53cd-4ef8-9292-954402adbc3d
a7157774-b8e8-4c47-9bbe-5534b05d313f,keyword,cash-in-transit (cit),63bf67db-c537-44f3-a90b-c5ba7f6169b6
abeb74af-85b6-4241-88ac-d7626dbe9e31,keyword,modular backend services,63dd932b-ed4d-4bc7-b693-9991df5a2b2b
f02359ee-3e9c-42b4-93a5-1834199be6dc,keyword,domain name system,6444f61b-bc47-4a33-bed8-495305dc0add
b3f100e2-59ed-4a5f-9301-d3e855e71f78,keyword,customer communication,64a77b66-597c-4d2f-bad4-34b79eef99a7
b0a873ea-6fb1-4f0f-a8a0-295c250d9896,keyword,practicesafechecks,65289012-f624-452d-a13d-bcbe4a0239d7
8e43ce16-d4d1-4d26-a4ca-88ae5ebbab41,keyword,year-over-year change,65e2f228-d891-40da-925b-deffd5e801ef
5d43c79e-303b-4cc0-a870-970bd919a6b4,keyword,cfpb,66171182-518b-4e2f-81df-59cf83f4fbaa
a00b78c8-370a-40be-bf1f-eb304abfbcad,keyword,equipment downtime,6643e501-eb9e-422f-a984-609742203f6f
62000238-e57b-49ea-995b-68c27785d2ff,keyword,branded umbrellas,6682a3da-746d-4883-9a5b-070a6b9c5e1f
abeb74af-85b6-4241-88ac-d7626dbe9e31,keyword,intelligent checkout,669cb24b-0019-41c2-b167-805cfa76a589
6f20ee1e-fc94-479c-90c0-36954002409a,keyword,federal bureau of investigation,66a06164-64da-4cbd-bd7b-228cd872bc54
abeb74af-85b6-4241-88ac-d7626dbe9e31,keyword,tokenization,66a34e17-a82f-440a-bf53-93eef69736ef
62000238-e57b-49ea-995b-68c27785d2ff,keyword,organic growth,66a65099-30da-4616-987b-87f4124fe2e9
07b7a5e8-f9bc-4745-917f-d64fa95ca06a,keyword,fraud prevention,670391c0-ccbb-4fda-b308-a7d25f70511c
d5058242-44c6-4560-8983-1f14720018c1,keyword,caller id authentication,6801fd82-f942-4420-b388-a9494a22bb2d
4024661e-a83a-4fcf-b312-401df444f880,keyword,technology implementation,68046ff7-4fd8-47ed-b397-95c1c3e62fc7
dd316280-bcc5-4d12-8ac9-24ed1e34ee31,keyword,banks,682684bb-3408-4dcd-9819-de5f0b2ee5b3
463b06bf-1141-4884-ab61-6c1b32d733c5,keyword,blockchain,68553d76-1fda-4cad-b2b8-b50240f78387
62000238-e57b-49ea-995b-68c27785d2ff,keyword,physical branches,686f9d1b-b80a-41c4-8c06-771be865a406
ec247c74-a711-4d9a-9b6d-ec009cd257aa,keyword,governance,68770874-be7f-492a-bd5a-33d52f27acf3
95f5f17b-f5b9-49db-a410-a73e846898a3,keyword,2026 outlook,68a468f2-2bf9-4959-8440-339e9a9b7c8d
23c2e147-b027-455d-9727-51ac79584d63,keyword,press release,68a49d13-57b8-4e99-8b5a-94955b618e77
7b8f6f42-7225-4f5d-a690-945575d5dfbb,keyword,$176 billion total,68bbeb15-8a80-4552-a269-e30c5fd971d7
d380cbfa-e152-4277-9136-bbc9b2e36dc5,keyword,financial institutions,68da21cc-38c2-4009-a01e-aa2e93511e99
95f5f17b-f5b9-49db-a410-a73e846898a3,keyword,payment stablecoins,690251ba-262e-46f6-b4ab-6e0663c0b968
ec247c74-a711-4d9a-9b6d-ec009cd257aa,keyword,banks and insurers,69094499-26b6-486d-adac-3edc5623810f
db46995a-a121-45b7-8a3d-d12e8e80168d,keyword,technology,69293146-61ef-450c-8b0a-90067a66b063
07b7a5e8-f9bc-4745-917f-d64fa95ca06a,keyword,impersonation scams,696df695-d873-49d5-8364-9431a127faec
0daa37b6-8f58-4406-b6bd-5e0161a92516,keyword,fraud reporting,69794fbb-5ff6-49b0-99de-548b12fdee9c
ed07fd8f-4d8e-4b5e-8579-bc9f44bad3a1,keyword,corporate treasury,69a7aed9-f96f-4b58-b0e7-4f59b22a4b71
e2c1a419-f45c-4fbe-99bf-ed4e43d8eb0d,keyword,vetting process,69bb997d-2390-4e5e-8473-56916ee77143
5b078166-f003-4b1e-8398-0e5ef174b923,keyword,red flags,6a70b7c8-143e-45d0-8bbd-14903b9761bc
aa2fe39b-1c92-4de2-bff6-66a9c492c80b,keyword,anti-money laundering (aml),6ae8a986-4556-4b55-8e4f-f179d1ce3210
446e0338-ae61-4d2f-895c-eda657bbef40,keyword,senior issues,6b0aefd1-fc66-469d-89f3-aa5b367b6298
5ac083f6-1cf7-4616-89d4-ad40d695546e,keyword,regulators,6b1246d5-a92e-412b-863a-0a20c7f3fb94
5d43c79e-303b-4cc0-a870-970bd919a6b4,keyword,fair lending,6b4d00e2-9efa-4292-98d8-94034712eb1f
08be2bb8-2da1-439e-8d73-d54a52f8ddc6,keyword,federal credit unions,6b6ca0b5-8c6a-42d9-8562-1154b9c4d08e
ec247c74-a711-4d9a-9b6d-ec009cd257aa,keyword,institutional providers,6b93ab18-0a45-468d-a662-44c19b4674a3
4a6359df-85f0-4b44-a2c6-dc7b25af00fe,keyword,romance scams,6bcb294a-1f67-47b4-8f03-49a89aae748b
6c15d87f-b669-4872-bf0a-afb55937d125,summary,"The FBI warning scammers spoofing website agencys Internet Crime Complaint Center, IC3, trick consumers turning financial information. Potential victims report interactions websites individuals impersonating IC3 local FBI field office IC3 official web address, agency said.",6c024ec8-a1e6-499a-adce-9b60f6b6326e
45622da8-f82c-4b90-83f3-47734d2b624f,keyword,scam trends,6c14a373-591f-41a2-bb27-b4796f9dbd04
5451ae1c-fda3-4bc9-9bf7-a8e68fd48379,keyword,customer service,6c1ee7ad-6262-4840-88e5-9e774e4d56d3
a7157774-b8e8-4c47-9bbe-5534b05d313f,keyword,technician ambushes,6c514f4e-1916-4205-a513-53636da0f65f
0761cfba-7dac-4691-bfc8-b216c9182f95,keyword,bancfirst,6c519a7a-ad53-4ef6-ad06-81f47d7d5446
214c3121-1f28-4919-9a3f-6a7dd11be3f5,summary,"By Elizabeth JuddRecently, customer came Kennebec Savings Bank withdraw money build new deck. He says 2023 alone Kennebec experienced 264 cases fraud prevented $430,000 fraud losses. Social engineering, sometimes defined techniques aimed talking victim revealing private information performing actions illegitimate reasons, piece thats exponentially exploded, says Silsby. Jill Castilla, president CEO Citizens Bank Edmond ROGER, digital military bank, describes increase identity scams onslaught. At Oklahoma-based banks, $380 million assets, hears almost daily romance schemes among customers fragile people. Theres still sense seeing believing, says Joe Palmer, president technology provider iProov. One suggestion: FCC finalize requirement text messages authenticated, authentication solution set deadline development implementation. In addition, telecommunications providers enable criminals impersonate legitimate numbers incorrectly authenticate calls held account, Benda said. Jonathan Thessin, VP senior counsel ABA, underscores problem banks limited insight bad actors spoofing call. Often, says, bank learns calls customer advises bank fraud attempt taken place. Not way showing appreciation, way teach everyone theres another version may age-old scam, says. Tags:Cyber crimeCybersecurityFinancial crimesFraudIdentity fraud",6ca236fe-6369-46d3-a98b-02e1be80ae51
5ac083f6-1cf7-4616-89d4-ad40d695546e,keyword,scams,6d3e1ea1-b772-42fd-8131-13e01f0648cd
3e1cfcf6-9203-4b68-809b-a543c7721346,keyword,artificial intelligence in banking,6d610572-9f5d-4dc3-bc67-56f066d99525
1d57d511-fe4c-479f-8547-c8143027545c,keyword,cash infrastructure,6d963e64-2061-4b4f-9aa9-313eda22bfd9
1d57d511-fe4c-479f-8547-c8143027545c,keyword,cash lifecycle,6ddee566-23ad-464e-a9a8-7264aff8dab0
5b078166-f003-4b1e-8398-0e5ef174b923,keyword,fraud playbook,6ddf7d22-4682-4954-a4f8-4f5c44222062
c5f167c5-2ac7-43a1-b420-3abf6f3157b8,keyword,raul aguilar,6df81d8c-fbc9-4445-be26-1b978a7d2b2b
b5cf9e0a-6dc5-4de5-8d34-d96bb5f6ed6e,keyword,suspicious activity reports (sar),6e1409d2-bdd9-4abc-934f-05a49ad1effa
1d57d511-fe4c-479f-8547-c8143027545c,keyword,merchant cashless policies,6e4bf21a-fb47-4a16-86e2-777cdf26e3fe
45622da8-f82c-4b90-83f3-47734d2b624f,keyword,q1 2025,6e74e6b0-e0c9-49a1-86e5-39bf0ba30a72
f8ef297f-060e-4365-8d9b-264ba862c619,keyword,2024,6edfe4ed-141c-408d-826a-a24162543b86
5ac083f6-1cf7-4616-89d4-ad40d695546e,keyword,banks,6f47b630-b0a7-4c09-b7f9-c3674419dae8
a7157774-b8e8-4c47-9bbe-5534b05d313f,keyword,magnetic stripe cloning,6f499cba-c235-4e42-91a1-001c5866c59c
e24060c5-7b26-4b7c-b34c-4f5a8bf769ab,keyword,banks,6fa5f9a0-c5a6-4df2-810b-25db5b93648f
6f20ee1e-fc94-479c-90c0-36954002409a,summary,"As artificial intelligence (AI) continues evolve, tactics scammers exploit technology deceive defraud consumers. Criminals may pose loved ones, government officials, law enforcement personnel even celebrities, often using fear urgency convince victims send money share sensitive information. The ABA Foundation also offers itsSafe Banking Seniors program, provides bankers free tools resources help educate seniors caregivers prevent elder financial fraud.",6fb8e317-df17-4a92-b211-64352aebea60
6f20ee1e-fc94-479c-90c0-36954002409a,keyword,deepfakes,6fdb5c10-493a-4b89-afac-f75b681d1da3
0daa37b6-8f58-4406-b6bd-5e0161a92516,keyword,personal finance presentations,6fee6b09-5482-4f0e-8f3c-cf44602f18c5
52aca3b8-a7df-40c5-b37f-fab7313209eb,keyword,humility pledge,70230e9f-44eb-42e4-a32f-a51212d047c4
5d43c79e-303b-4cc0-a870-970bd919a6b4,keyword,occ,70270c72-4fe4-401a-81a7-60bc90ccaed5
c5f167c5-2ac7-43a1-b420-3abf6f3157b8,keyword,financial institutions,702794dc-9cc4-446b-bb11-f5a914cf426a
cd215a97-49a3-41fa-bc76-b2e5583add4c,keyword,bank credit cards,702e22ac-fece-4cb3-9ebf-73321b3e2157
ec247c74-a711-4d9a-9b6d-ec009cd257aa,summary,"SPONSORED CONTENT PRESENTED BYASCENSUSThe importance recordkeeping retirement plan value chain microscope. Whether focus efficiency, experience evolution, and/or growth, partnerships provide competitive advantage deliver best-in-class retirement plan administration services. Selective partnership: Selective partnership takes opportunistic advantage benefits outsourcing. How Ascensus powers savings plans across AmericaFor 40 years, weve helped nearly 16 million savers advisors institutions serve unique approach:Alignment youWesit side table, focused success. Intuitive experienceWhetheryou saver business owner, advisor, institution, partner enabling savings, make managing full lifecycle savings journey frictionless. Ascensus Ascensus logo registered trademarks Ascensus, LLC.Copyright 2023 Ascensus, LLC.",7039d487-a383-46bc-b158-41bec55d63ad
05d418d8-3b07-4da4-95c9-c9c6007f8154,keyword,tax refunds,70580089-b73f-471f-8e55-d3bd544d3c00
0260698b-07fd-4346-a307-f446fa5431b0,keyword,scams,70624e95-2d4d-4af5-aef0-9112ad3dfe91
c5f167c5-2ac7-43a1-b420-3abf6f3157b8,keyword,national retail federation (nrf),707729c8-ba6f-4cad-acae-5c5c39c392d0
e2c1a419-f45c-4fbe-99bf-ed4e43d8eb0d,keyword,american bankers association,714fa9db-2a02-4768-95c7-4394dfe9b7a6
abeb74af-85b6-4241-88ac-d7626dbe9e31,keyword,real-time payments,715d80aa-e270-4221-af73-136c3752bdbc
214c3121-1f28-4919-9a3f-6a7dd11be3f5,keyword,facial biometrics,7201aa19-659b-493b-a2a6-a019ca3a9380
ed07fd8f-4d8e-4b5e-8579-bc9f44bad3a1,keyword,network intelligence api,72069b44-3537-4994-b943-92034fe81bc7
b3f100e2-59ed-4a5f-9301-d3e855e71f78,keyword,early engagement,72143cd3-8f13-4ccf-90f5-64aaf8fb2fc3
62000238-e57b-49ea-995b-68c27785d2ff,keyword,marketing,722a2cd6-cea5-4d95-8339-2ea861a07e0d
5b078166-f003-4b1e-8398-0e5ef174b923,summary,"By Khalil GarriottWith thanone threeAmericans experienced financial fraud scam since January 2024 37% lost money fraud become pervasive. When youre working bank staff, make sure theyre using right language. They also create psychological emotional toll targeted consumers. Nine 10 Americans say bank takes proactive steps protect scams. As uphill battle fight fraud persists, consumer education essential.",7242a6f7-886d-41fd-9496-1c22cb9566af
fafa6d5c-d46e-40a8-97a3-f02f48da91d8,keyword,caller id authentication,727bc3fd-749b-4ff4-afcf-60de5ff1cba3
cd215a97-49a3-41fa-bc76-b2e5583add4c,keyword,credit washing,72a0de9f-812b-490e-920c-866eb3cbbcd6
db319a41-b519-4c24-87e4-a30f75a94a16,keyword,national task force on fraud and scam prevention,72b922bd-7f0d-4212-a86f-5686f4028c91
80f9af1b-23f6-47c9-b488-830163630357,keyword,coordinated legislative response,72de43cc-6e49-4ed5-8290-e79afae7d110
fafa6d5c-d46e-40a8-97a3-f02f48da91d8,keyword,international call spoofing,73e3bd8b-b79b-4e06-8b6a-fa5c61525cac
db46995a-a121-45b7-8a3d-d12e8e80168d,keyword,financial crime prevention,74347f5c-9b28-4963-8d04-d163907be498
ec247c74-a711-4d9a-9b6d-ec009cd257aa,keyword,scalability,7453575c-4274-4983-b954-227e79c16415
b5cf9e0a-6dc5-4de5-8d34-d96bb5f6ed6e,keyword,streamline act (s.3017),7461344a-a849-4dca-aaf3-5e2acbd83956
ed80cfc1-737e-4337-9c4c-8ce7ee6981e7,keyword,financial crimes,74badd43-0213-4118-83f5-462f57cbcbd8
db46995a-a121-45b7-8a3d-d12e8e80168d,keyword,growth,74c695fe-4cad-4730-966e-8215946169a9
ee3db751-b8f2-4838-8283-05af72a45a61,keyword,cybersecurity,752a1a22-2f7f-4338-b7d0-04230d9f4426
07b7a5e8-f9bc-4745-917f-d64fa95ca06a,keyword,postal service,754c22e2-282b-4563-ab12-734cce2ba3f2
1af8c83c-4eb0-439b-ac80-31a5b613244d,keyword,check fraud,757a777d-90a7-4baf-ae3e-013d8c9ec7be
3e1cfcf6-9203-4b68-809b-a543c7721346,keyword,customer trust,75867ea1-a743-40d6-ad23-5a00e66290d7
3e1cfcf6-9203-4b68-809b-a543c7721346,keyword,monitoring,75958fe7-d482-412d-b9c5-18382404d8fc
abeb74af-85b6-4241-88ac-d7626dbe9e31,keyword,agent credentialing,75a76a49-644d-42b4-a7bd-c79cf3f9919c
7b8f6f42-7225-4f5d-a690-945575d5dfbb,keyword,multifamily mortgage market monitoring,75b1bffc-d802-4eba-9563-4665dc145f06
e8345ee5-bd15-4ab4-a554-f571f8312851,keyword,domestic deposits,75fcbc91-be7d-49d8-90a8-01ddeb29092d
db46995a-a121-45b7-8a3d-d12e8e80168d,keyword,lending software,76046e4c-f565-4ffa-9a2a-715260d95081
463b06bf-1141-4884-ab61-6c1b32d733c5,keyword,digital assets,76129286-9c10-4fb5-ab93-05368632bd1a
1afadf49-dde2-4903-b1a6-087fe90e6df8,keyword,high-cost areas,76145206-84ab-4a90-b6c8-519d74db500b
17bf0a8d-21d5-4115-9644-3fc299ff7f69,keyword,mobile banking apps,766c601f-4da2-46d2-a69b-e0de4a9acd4e
214c3121-1f28-4919-9a3f-6a7dd11be3f5,keyword,regulatory action,76840bf5-4009-4527-a0a0-f87f97036e3b
074eb8f2-4a0a-444d-a850-346b9455a891,keyword,cdfi coalition,76cd0235-f723-4637-a392-136d4ef236de
bac26a1f-b35e-4170-b315-72f3935574a7,keyword,post-quantum cryptography,77084c1f-2325-4e17-8e12-93b3f2121c33
4d5e02aa-1e21-445d-ad8a-ab2c1f9b7880,keyword,farm banking,776ac2cf-9094-4ecb-8498-89d5b7ae472f
c5f167c5-2ac7-43a1-b420-3abf6f3157b8,keyword,e-commerce fraud,778b2d45-6bfa-4d07-ab96-dd11d2c156a5
62000238-e57b-49ea-995b-68c27785d2ff,keyword,thank-you notes,780a55d2-66c0-4d3a-ba99-66a3d49fb92a
23c2e147-b027-455d-9727-51ac79584d63,keyword,bank merger,784717df-850e-4b65-9c3d-04f999cd4ff7
cd215a97-49a3-41fa-bc76-b2e5583add4c,keyword,identity fraud,78786083-19a3-41fa-8d0e-c14e142be952
fafa6d5c-d46e-40a8-97a3-f02f48da91d8,summary,"The TCPA 1991 law regulates telemarketing informational calls using automated processes. ABA raised concerns bad actors obtaining A-level attestation, signals originating provider knows caller lawful access number displayed recipients caller ID display. Under RCD, recipient receives call legitimate company, companys logo would appear caller ID display, signaling legitimacy call.",78997f09-f61c-41a5-bd05-013a0092a395
b5cf9e0a-6dc5-4de5-8d34-d96bb5f6ed6e,keyword,banks,78fab1d6-c740-4fcc-b062-5b85d6504aa7
db319a41-b519-4c24-87e4-a30f75a94a16,keyword,fraud reporting,79334851-511c-473d-9958-4d8b2e866c40
f687fa29-3e46-418a-a9fd-a0aff69d928a,keyword,competition,79368330-71fd-4965-bbf8-97ec7215a41c
8ac8360c-fa1c-4ea7-842c-7f3db4a30fe3,keyword,regulatory capital,79d9c069-5475-4393-8d74-a1e09ffa3647
467830e6-b416-4627-9d20-580f2bf8b3d9,keyword,financial institutions,79fd348d-70e7-4b0f-9efe-23b07f98dcca
ec247c74-a711-4d9a-9b6d-ec009cd257aa,keyword,customer experience,7a087374-f4e0-49c7-b6c7-49e96eae8bd7
00f203d8-2f61-420c-9455-b8ae6aa797d7,keyword,tcvs,7a257669-2369-4ee3-903a-7be99e8b2b75
f02359ee-3e9c-42b4-93a5-1834199be6dc,keyword,top-level domain (tld),7a2e4ea0-064b-456d-a6c9-29f6e61f0f52
4024661e-a83a-4fcf-b312-401df444f880,keyword,competition,7a3f06da-37be-4fd4-a950-9d1b3bbbc711
62000238-e57b-49ea-995b-68c27785d2ff,keyword,aba banking journal podcast,7a41a4a0-56c4-4261-bfa2-4c7d3a153b03
07b7a5e8-f9bc-4745-917f-d64fa95ca06a,keyword,banking system,7a505717-8b3f-4117-bed1-10e4f8d879ee
5b078166-f003-4b1e-8398-0e5ef174b923,keyword,aba conference,7a79fb12-7443-4e32-b71f-13b980a82164
45622da8-f82c-4b90-83f3-47734d2b624f,keyword,authorized push payment (app),7a863604-64ad-4362-93bc-046902ff7dac
a7157774-b8e8-4c47-9bbe-5534b05d313f,summary,"By Heather Wyson-ConstantineThe ease bank customers access money account information automated teller machines also benefits cyber criminals target ATMs steal money. ABA convened series webinars September ATM security members hear major ATM service providers Diebold Nixdorf, NCR Atleos Hysoung common evolving attack methods, including:ATM jackpotting. A contraption inserted cash-dispensing slot blocks ATMs shutter bills cannot presented customer. Criminals tamper ATM, prompting service call, surveil technicians CIT transporters, ambush ATM doors open. Increased use remote monitoring AI-based surveillance analytics detect tampering loitering. For information resources, please contact Heather Wyson-Constantine,hwyson@aba.com.",7ad0cd8e-0d8d-4dd5-b4a9-34ff005a2848
8d048644-4c1d-4e91-8f64-d92ea8c8bc48,keyword,fraud prevention,7addf138-cf39-41db-b069-e98898528f70
ec247c74-a711-4d9a-9b6d-ec009cd257aa,keyword,retirement plans,7b0210e8-033f-45a9-a21d-c0641e0c388b
a7157774-b8e8-4c47-9bbe-5534b05d313f,keyword,atm burglary,7b29ead8-4c14-44a6-83e8-dcd3392007a7
ec247c74-a711-4d9a-9b6d-ec009cd257aa,keyword,regulatory requirements,7bb742e9-0b47-4b71-91a3-cd72153c17e5
8d048644-4c1d-4e91-8f64-d92ea8c8bc48,keyword,uk reimbursement policy,7bbd931f-a405-42a1-969c-cf656fd57829
ed80cfc1-737e-4337-9c4c-8ce7ee6981e7,keyword,fraud prevention,7bd7a85d-81c8-4cbf-b0d7-5df1a9163485
ed07fd8f-4d8e-4b5e-8579-bc9f44bad3a1,keyword,treasury digital payout,7c000c23-7697-427c-be9a-e45718031866
aa2fe39b-1c92-4de2-bff6-66a9c492c80b,keyword,core platforms,7c6b6822-f326-465f-af1c-60ea100cc102
45622da8-f82c-4b90-83f3-47734d2b624f,keyword,health scams,7c8fe04b-3db7-420a-9d18-34981adab8aa
b0a873ea-6fb1-4f0f-a8a0-295c250d9896,keyword,break the spell team,7ca7eeec-2adc-47f8-b23d-dd507fc748d3
aa2fe39b-1c92-4de2-bff6-66a9c492c80b,summary,The OCC defines community banks institutions less $30 billion assets. The OCC issueda new bulletinestablishing tailored BSA examination procedures community banks based banks generally low levels money laundering terrorist financing risk. Tags:Anti-money launderingBank Secrecy ActCore platformsOCCThird-party risk,7cb6af86-1b4c-4961-b797-57ddd762e4a1
2633b10b-460a-431e-b17e-47e99df629be,keyword,digital signage,7cbc156d-eb98-4e24-8266-cab22bfa1791
074eb8f2-4a0a-444d-a850-346b9455a891,summary,"The Senate recommendation $190 million White House budget request nearly $80 million higher budget recommendation put forward House, according coalition. Unlike two proposals, Senate draft would maintain CDFI Funds current funding level, $324 million 2025.The White House budget request would strip CDFI Funds ability allocate discretionary awards.",7cc03d46-c847-4d84-b4a3-d0ab9fc12c6e
ed80cfc1-737e-4337-9c4c-8ce7ee6981e7,keyword,employee training,7ce081d3-3a48-4784-aebf-7cb62b50bc36
23c2e147-b027-455d-9727-51ac79584d63,keyword,stock transaction,7cf43001-d5c1-44a0-8cd1-acf4aa44a8d5
c5f167c5-2ac7-43a1-b420-3abf6f3157b8,keyword,law enforcement coordination,7d55207a-d4d6-44b3-a413-112c22f65926
0260698b-07fd-4346-a307-f446fa5431b0,keyword,data sharing,7db8efc0-255b-43f5-8ceb-f4010d317bc2
56645129-4d3f-4b45-9db3-518085a53c3e,keyword,fraud referral form,7dd316d6-d2c1-408c-8c52-2b92d779f038
778422c8-9d96-4446-9e10-5e19d878c0a8,keyword,savings bank of new york,7dfa904e-18ef-4f9f-a974-305b0ed3331a
d380cbfa-e152-4277-9136-bbc9b2e36dc5,summary,"A Federal Reservesurvey risk officersat financial institutions found debit card fraud drove fraud losses institutions 2024, followed closely check fraud. Financial institutions reported increases check fraud events involving counterfeit checks, check washing payee forgery, according report.",7e7e8d35-57c6-4aeb-abc3-0ac91fd73dda
4f66b755-1b07-451c-b18d-6c4ab481da75,keyword,know your customer (kyc),7f4b3fde-3b11-4cd4-b0f2-f889b1545482
aa2fe39b-1c92-4de2-bff6-66a9c492c80b,keyword,regulatory relief,7f5756ea-c4af-4b09-9ae7-81ae947df4fd
5d43c79e-303b-4cc0-a870-970bd919a6b4,keyword,disparate impact,7f61bd24-90ca-42a2-8db2-db79f803402e
4a6359df-85f0-4b44-a2c6-dc7b25af00fe,keyword,enhanced controls,7f6df73d-2649-4279-b5a5-a7425af8dea4
fafa6d5c-d46e-40a8-97a3-f02f48da91d8,keyword,do-not-call,7f6f4cbf-db32-4c35-8283-534e500e85c7
d5058242-44c6-4560-8983-1f14720018c1,keyword,stir/shaken,7fd94d48-3f5c-4cde-a58a-8639725cc841
1afadf49-dde2-4903-b1a6-087fe90e6df8,keyword,conforming loan limits,80ad00ec-b5fb-4680-aa2a-f6812b7fb4de
467830e6-b416-4627-9d20-580f2bf8b3d9,keyword,gap funding,80cd697c-1ef2-4972-bb0d-251bc3fb8a2d
4f66b755-1b07-451c-b18d-6c4ab481da75,keyword,fraud prevention,810e50a4-e393-421b-a73f-8d60a97f5e40
4d5e02aa-1e21-445d-ad8a-ab2c1f9b7880,keyword,irs,81166f32-c384-4ec6-9fdb-158e90390e7b
b3f100e2-59ed-4a5f-9301-d3e855e71f78,keyword,mortgage lenders,8239065d-2edf-48ee-a4f4-12852a202ba2
23c2e147-b027-455d-9727-51ac79584d63,keyword,bank acquisitions,823caf62-d53b-4582-a18c-2b20696fb1c7
ee3db751-b8f2-4838-8283-05af72a45a61,keyword,identity fraud,826a9f1d-8158-47f6-891b-a8e04d8ecf9e
e8345ee5-bd15-4ab4-a554-f571f8312851,keyword,community banks,827270c8-abf2-4bb7-b033-cb3a65a0deba
ed80cfc1-737e-4337-9c4c-8ce7ee6981e7,keyword,red flags,82a2d512-b633-40a0-8a0e-1327970eb7bf
5d43c79e-303b-4cc0-a870-970bd919a6b4,keyword,special-purpose credit programs,82ba1982-2850-442a-8c42-c6fb49ad9676
68958063-4dd6-4f4f-b392-66c1e228d16d,keyword,identity fraud,82c45465-fec2-4981-a0af-b948ec78896b
c5f167c5-2ac7-43a1-b420-3abf6f3157b8,keyword,online marketplaces,82d39c3a-da9e-47fe-b1c1-367f1ddefcce
4d5e02aa-1e21-445d-ad8a-ab2c1f9b7880,keyword,interim guidance,82f3030c-dbb0-4235-aa22-6b75c97688e6
17bf0a8d-21d5-4115-9644-3fc299ff7f69,keyword,gas pump skimming,8342eb74-c1c4-4d04-8788-8bd5729f8525
463b06bf-1141-4884-ab61-6c1b32d733c5,keyword,national banks,8348ae61-4f00-42f6-94ab-00b04694e479
80f9af1b-23f6-47c9-b488-830163630357,keyword,telecom regulation,835aa0f8-3193-46ed-846b-b28c78f6b072
5451ae1c-fda3-4bc9-9bf7-a8e68fd48379,keyword,competition in banking,839cabdf-2064-4b5f-ad05-7624337fc498
d380cbfa-e152-4277-9136-bbc9b2e36dc5,keyword,kiting,83b19828-e07d-460a-8480-01dfd0787282
0260698b-07fd-4346-a307-f446fa5431b0,keyword,fcc regulation,84071e72-a558-4c09-ad90-bc39e971b016
f687fa29-3e46-418a-a9fd-a0aff69d928a,keyword,regulatory thresholds,847741c5-d5db-4ffa-ac26-ef0f7a916aed
4024661e-a83a-4fcf-b312-401df444f880,keyword,deposit insurance,84b17919-41f1-4ca3-b510-7fb5ff329d82
f8ef297f-060e-4365-8d9b-264ba862c619,keyword,banks,84b427ee-6164-4365-8bf1-2280d0cab0dc
aa2fe39b-1c92-4de2-bff6-66a9c492c80b,keyword,american bankers association,84e750dc-ffa7-42f4-b1ca-6a771df70bd9
1d57d511-fe4c-479f-8547-c8143027545c,keyword,consumer choice,85297c20-79ca-4fe1-8ff6-203c00c92721
d5058242-44c6-4560-8983-1f14720018c1,keyword,text messages,85d71a7a-fffc-4a9d-bba6-d608a84c373c
463b06bf-1141-4884-ab61-6c1b32d733c5,keyword,cryptocurrency,866dabc1-5149-4af7-af65-c6e72d87fe6c
347242d3-6e22-4375-8360-8d8de561cd58,keyword,mail theft,86915db5-a3e1-409b-876d-cdb734e8dca8
ed07fd8f-4d8e-4b5e-8579-bc9f44bad3a1,keyword,online marketplace payouts,86986d45-fc4a-46b8-bd85-b97319281b30
f02359ee-3e9c-42b4-93a5-1834199be6dc,keyword,registrar,86a234d1-0bd2-4f11-887c-06f76f9aae0f
8ac8360c-fa1c-4ea7-842c-7f3db4a30fe3,keyword,fdic,87468dd9-f280-4541-b1ca-8f40d630fb02
6f20ee1e-fc94-479c-90c0-36954002409a,keyword,banksneveraskthat,874912de-185d-44dd-9f7e-6c7a3fd823ea
bac26a1f-b35e-4170-b315-72f3935574a7,keyword,quantum-resistant cryptography,87801d2d-cc65-40c8-9b1d-f0862f6c2c89
f02359ee-3e9c-42b4-93a5-1834199be6dc,keyword,domain redirects,878a9caa-3d7f-47cc-a7b3-ddf395d82b52
4a6359df-85f0-4b44-a2c6-dc7b25af00fe,keyword,fraud attempts,879f5244-1447-4389-a218-4af5daa49ae9
214c3121-1f28-4919-9a3f-6a7dd11be3f5,keyword,romance scams,87a1355f-f6f1-4bee-abd8-f3e685c64d29
08be2bb8-2da1-439e-8d73-d54a52f8ddc6,keyword,consumer protection,87ba7bd9-6d08-46a2-bd2a-245902020f73
07b7a5e8-f9bc-4745-917f-d64fa95ca06a,keyword,paul benda,88125c4c-14d2-47d7-95d3-952739fa8349
f02359ee-3e9c-42b4-93a5-1834199be6dc,summary,"By Craig SchwartzThe domain name system .com, .org, .net framework internet built. Others, like fTLD Registry Services, operates .bank .insurance, set standards entities register domain. With public domains like .com, anyone go registrar like GoDaddy register domain want matter minutes set website, set email whatever want it. It lets email service providers like Google Microsoft know email purporting come real deal bank name check.",884cf1c7-d359-412d-8cae-cec143271dd9
e3711b20-be2f-4b59-9119-2b570b76a183,keyword,security envelopes,884dc0a5-066c-4619-adbb-fb558d63cd45
ee3db751-b8f2-4838-8283-05af72a45a61,keyword,cyber resilience,8869502b-865e-495e-846c-a5607b25134b
08be2bb8-2da1-439e-8d73-d54a52f8ddc6,keyword,nonbank regulation,88705a25-151e-4a47-8a80-e9a508e81fdf
ed07fd8f-4d8e-4b5e-8579-bc9f44bad3a1,keyword,instant payment adoption,8870cd28-3396-4539-b3f6-099ca21527b3
07b7a5e8-f9bc-4745-917f-d64fa95ca06a,keyword,senate banking committee,887b63c7-61bf-4de6-9b8f-8b03e5a3bf2e
11193969-3b7e-4209-8238-e65830f7486b,keyword,year-over-year comparison,88d4100b-d09f-47f6-b3a6-81ed2ba18938
db46995a-a121-45b7-8a3d-d12e8e80168d,keyword,competition,88e2363a-9f5b-4825-9a4b-4c37b8ea5a3b
11193969-3b7e-4209-8238-e65830f7486b,keyword,weekly change,891ca6f5-9a67-4925-91e6-3aa6a7e71288
6f20ee1e-fc94-479c-90c0-36954002409a,keyword,scam prevention,891da20c-d865-4fe0-9528-d805635e0cf2
ec247c74-a711-4d9a-9b6d-ec009cd257aa,keyword,cybersecurity,894d8c49-a403-48bb-bed3-87b1904d8d98
0daa37b6-8f58-4406-b6bd-5e0161a92516,keyword,elder financial abuse,89998d26-4afc-4a34-bb8f-504ef6247024
abeb74af-85b6-4241-88ac-d7626dbe9e31,keyword,embedded finance,8a7e23d2-3534-4e50-a8a0-2582c64fbe34
fafa6d5c-d46e-40a8-97a3-f02f48da91d8,keyword,call spoofing,8b613ec3-6410-4edd-99ce-cc1e0bb1493d
2633b10b-460a-431e-b17e-47e99df629be,keyword,supplementary leverage ratio (slr),8b687318-d0b9-45e9-a05f-f19b77045a1e
95f5f17b-f5b9-49db-a410-a73e846898a3,keyword,deposit disruption,8bc3500c-7fb0-4f5b-89ee-4886871afcda
d380cbfa-e152-4277-9136-bbc9b2e36dc5,keyword,counterfeit checks,8bf841d8-12d5-4aea-b3d8-d66658ef0fa2
4a6359df-85f0-4b44-a2c6-dc7b25af00fe,keyword,p2p fraud,8bfb58f1-b933-4776-ba66-b35054cb4a28
6f20ee1e-fc94-479c-90c0-36954002409a,keyword,public awareness campaign,8c1fc62e-953c-4465-9273-b419a0839b75
227b2ecb-6e1d-4bca-9a1e-e6873bec78d1,keyword,regulatory capital,8cab7419-2233-44fe-8e56-b9fb35fd8d3f
6c15d87f-b669-4872-bf0a-afb55937d125,keyword,spoofed website,8cc13eb9-f654-4221-ad96-162a5f88ef09
56645129-4d3f-4b45-9db3-518085a53c3e,keyword,compliance,8cd55edc-3f6d-42d3-af1a-4fa816b07434
467830e6-b416-4627-9d20-580f2bf8b3d9,keyword,affordable housing,8cf66daa-debf-4937-984f-39b18dff8128
4024661e-a83a-4fcf-b312-401df444f880,keyword,csbs 2025 survey,8d062a85-05bd-4366-b237-c2bbdcd00fe5
07b7a5e8-f9bc-4745-917f-d64fa95ca06a,keyword,cybersecurity,8d0f066b-6549-4485-80f8-f762805726ce
8ac8360c-fa1c-4ea7-842c-7f3db4a30fe3,keyword,proposed rulemaking,8d184ea9-c086-40ec-b9e6-0edd42fcd208
7b8f6f42-7225-4f5d-a690-945575d5dfbb,summary,"FHFA require least 50% GSEs multifamily businesses mission-driven, affordable housing. To prevent market disruption, agency determines actual size 2026 market smaller initially projected, reduce caps, according recent press release.",8d22c213-3780-4410-88d0-34500b13c50c
a00b78c8-370a-40be-bf1f-eb304abfbcad,keyword,used equipment market,8d416ab3-b1fc-426d-ac27-ae9b4b280d81
227b2ecb-6e1d-4bca-9a1e-e6873bec78d1,keyword,capital reform,8d620eeb-6b32-4a29-96fa-c1f6bb424b32
11193969-3b7e-4209-8238-e65830f7486b,keyword,15-year fixed-rate mortgage,8d6ae1c5-4307-44ae-89d9-a954e2947f05
08be2bb8-2da1-439e-8d73-d54a52f8ddc6,keyword,tax exemption,8d934701-a02a-412e-ad1b-aa2b9a78bf47
4024661e-a83a-4fcf-b312-401df444f880,keyword,000 limit,8dc8144d-9fac-4caf-9fa8-9b09373f198d
1d57d511-fe4c-479f-8547-c8143027545c,keyword,esg,8dfecb8b-6587-4190-a727-78f2fbb60746
214c3121-1f28-4919-9a3f-6a7dd11be3f5,keyword,bank fraud,8e008226-8190-47d5-b83a-8d0737b14e4a
4f66b755-1b07-451c-b18d-6c4ab481da75,keyword,telecommunications infrastructure,8e4c77c3-9791-4dc8-9118-79a5e8e34b73
56645129-4d3f-4b45-9db3-518085a53c3e,keyword,fraud prevention,8e5305ad-e609-4101-bf36-131c68fa6514
5b078166-f003-4b1e-8398-0e5ef174b923,keyword,finra investor education foundation,8e54f2c3-9bba-4902-8a1b-3cd1b5ab0235
8e43ce16-d4d1-4d26-a4ca-88ae5ebbab41,keyword,chicago,8e605b14-15b6-41e3-9cdb-12f6f3004871
1af8c83c-4eb0-439b-ac80-31a5b613244d,keyword,scams mitigation toolkit,8e710d70-3677-4e9d-98c7-51f16d208974
446e0338-ae61-4d2f-895c-eda657bbef40,keyword,fraud prevention,8e75627e-58c4-42a5-94f0-5578d13e8494
446e0338-ae61-4d2f-895c-eda657bbef40,keyword,elder fraud,8e811f41-1781-4912-8f30-81258ff98a25
1d57d511-fe4c-479f-8547-c8143027545c,keyword,financial inclusion,8eb2eddd-87c5-4d6f-8faf-6e6de649e98e
8ac8360c-fa1c-4ea7-842c-7f3db4a30fe3,keyword,regulatory burden,8ee7ab26-e703-4e5b-b7f5-33a2330efe04
29b71b02-5d9b-4b17-80e2-745bb6e367ef,keyword,data theft,8fa18918-cf6a-4ad1-8f42-ae9d206e4ef3
fafa6d5c-d46e-40a8-97a3-f02f48da91d8,keyword,fraud alerts,8fda0325-b278-4c78-acee-e6fc8c018d45
1af8c83c-4eb0-439b-ac80-31a5b613244d,keyword,customer education,9052142f-76b5-44e7-ac94-49bef5244f09
8d048644-4c1d-4e91-8f64-d92ea8c8bc48,keyword,scams,9061c448-15ab-476d-96ec-227ef3efaf52
1d57d511-fe4c-479f-8547-c8143027545c,keyword,underbanked,906794ec-fa28-4e2d-bc27-23e54cab506e
bac26a1f-b35e-4170-b315-72f3935574a7,keyword,cryptographic migration,9083c682-311c-436c-af34-bd0e5d37db7c
aa2fe39b-1c92-4de2-bff6-66a9c492c80b,keyword,data collection,90d585ac-9861-4ac2-86b8-07b07f3d5559
778422c8-9d96-4446-9e10-5e19d878c0a8,keyword,bicentennial,90e2d59d-8283-4b30-b0ac-468785c668e5
d5058242-44c6-4560-8983-1f14720018c1,keyword,prerecorded voice messages,91240d4f-a965-4f2c-a167-0b3031ffe441
07b7a5e8-f9bc-4745-917f-d64fa95ca06a,keyword,anti-fraud efforts,913fd8e9-15d5-4856-8a2c-4c061aa3b6ef
ec247c74-a711-4d9a-9b6d-ec009cd257aa,keyword,technology-enabled partnerships,919390db-828c-4c01-a8d7-41099c384121
45622da8-f82c-4b90-83f3-47734d2b624f,keyword,risk mitigation,91961dba-be1d-456d-bd2d-08f2c27dab16
ed07fd8f-4d8e-4b5e-8579-bc9f44bad3a1,keyword,off-cycle payroll,91b7d132-aaf9-4802-ba1f-c3ff9e8d4180
4024661e-a83a-4fcf-b312-401df444f880,keyword,net interest margins,91fc3bb1-44a1-4a0f-8f82-62aeb6ab1b93
1d57d511-fe4c-479f-8547-c8143027545c,keyword,safe access to cash act,9223689a-74fe-4e76-84fa-07933eb87209
c5f167c5-2ac7-43a1-b420-3abf6f3157b8,keyword,supply chain crime,924e3d24-911a-4854-9fcc-3c0f131691c7
07b7a5e8-f9bc-4745-917f-d64fa95ca06a,keyword,phone spoofing,92983ba1-bf84-469a-b893-069dd1a1b576
b3f100e2-59ed-4a5f-9301-d3e855e71f78,keyword,advisory-style engagement,92a92ce9-c134-4901-933a-be872986869b
bac26a1f-b35e-4170-b315-72f3935574a7,keyword,cross-sector collaboration,930d39bf-21fa-4b3e-b1f8-29e1a1957f52
d380cbfa-e152-4277-9136-bbc9b2e36dc5,keyword,fraud losses,933d437f-36f4-4ad9-8b20-6142d50459a4
a7157774-b8e8-4c47-9bbe-5534b05d313f,keyword,atm skimming,9354030b-822c-41e7-b48b-f7015da5e258
08be2bb8-2da1-439e-8d73-d54a52f8ddc6,keyword,american bankers association,935b23d8-58d5-4402-bf74-5df1f27a1f90
a7157774-b8e8-4c47-9bbe-5534b05d313f,keyword,sapta,938342db-d6e5-4309-8a9e-5cf850e0f467
0761cfba-7dac-4691-bfc8-b216c9182f95,keyword,ambanc financial services,93936ccf-335d-459a-a40c-5ce1d8a0fcc0
68958063-4dd6-4f4f-b392-66c1e228d16d,keyword,impersonation,93963636-007c-4aa6-b388-d0c66bdaaac7
f02359ee-3e9c-42b4-93a5-1834199be6dc,keyword,domain registration,93a3ae1f-a531-437d-8738-246963a47e95
11193969-3b7e-4209-8238-e65830f7486b,keyword,interest rates,93b4461f-c951-4934-8140-c54624b97d6e
cd215a97-49a3-41fa-bc76-b2e5583add4c,keyword,credit report disputes,93f7d2cf-08a1-469b-9969-51ffed7510ca
07b7a5e8-f9bc-4745-917f-d64fa95ca06a,keyword,financial crime,9415cf65-b47e-41d4-b3f7-80858d3c42b3
abeb74af-85b6-4241-88ac-d7626dbe9e31,keyword,customer trust,94300893-ad10-46f0-aad5-1405ad365e71
467830e6-b416-4627-9d20-580f2bf8b3d9,keyword,tariffs,947a6af6-ec77-42ba-9632-e7eefc8a547b
95f5f17b-f5b9-49db-a410-a73e846898a3,keyword,net interest income,948dba15-3915-488c-9654-5312cdef3542
52aca3b8-a7df-40c5-b37f-fab7313209eb,keyword,examination reforms,94964ba1-fc9c-4e14-979e-701f5e940ac1
347242d3-6e22-4375-8360-8d8de561cd58,keyword,consumer protection,949db088-a492-4bad-b507-f74cf70676a0
95f5f17b-f5b9-49db-a410-a73e846898a3,summary,"In recently released2026 banking capital markets outlook, firm noted range economic scenarios year remains wide effects tariffs inflation economic growth still unclear. While banks enter year strong footing, may face headwinds net interest income 2026, driven largely lower rates slowing economy.",94d67c6f-9f68-4ec2-a1b7-5428802f35a4
cd215a97-49a3-41fa-bc76-b2e5583add4c,summary,"The total lender exposure synthetic identities auto loans balances roughly double bankcard sector, ranked second among credit types analyzed. TransUnion also found increase credit washing, scam criminals using synthetic identities attempt wipe negative information identitys credit history making false claim identity fraud.",94f1d9f6-99fa-457c-b245-d83675cfc012
62000238-e57b-49ea-995b-68c27785d2ff,keyword,retail banking,952b563e-d631-4076-a408-5b287cb997f0
6f20ee1e-fc94-479c-90c0-36954002409a,keyword,ai,955f1dca-715e-48ec-9584-abde72d70577
d380cbfa-e152-4277-9136-bbc9b2e36dc5,keyword,check fraud,959364df-4d1d-4015-a31a-99b50899be4a
47e731ac-7f5f-4d7c-bcef-750228cc3173,keyword,financial institutions,959c2c53-4d20-47ce-a8dc-9f9ebd678f69
17bf0a8d-21d5-4115-9644-3fc299ff7f69,keyword,atm skimming,95dafbf9-d206-49e3-8e36-6d07bc9c5e08
1afadf49-dde2-4903-b1a6-087fe90e6df8,keyword,fannie mae,95e02242-ec6c-4011-b1ac-4da0d4c61215
4a6359df-85f0-4b44-a2c6-dc7b25af00fe,keyword,fraud volume,95ed0a69-19bd-4f58-a3d8-b4253993e2fc
68958063-4dd6-4f4f-b392-66c1e228d16d,summary,"The FBI yesterday issueda warning publicthat criminals using generative artificial intelligence commit financial fraud provided tips consumers protect themselves. Verify identity person calling hanging phone, researching contact bank organization purporting call you, call phone number directly.",961985bd-2080-43bc-9003-e00af855be06
8d048644-4c1d-4e91-8f64-d92ea8c8bc48,keyword,voluntary industry code,962b3331-eec2-4059-9c70-5fe056d086c4
4024661e-a83a-4fcf-b312-401df444f880,keyword,credit risk,963fd5d5-8785-4586-b9cf-5ed79c7df8f6
db46995a-a121-45b7-8a3d-d12e8e80168d,keyword,regulatory compliance,9646fc32-f832-4f0f-8c48-331ac251f071
2633b10b-460a-431e-b17e-47e99df629be,keyword,regulatory burden,967f8923-8cf4-4900-90ac-9f6b3019142b
05d418d8-3b07-4da4-95c9-c9c6007f8154,keyword,american bankers association,967f97ba-90eb-4b55-b31d-87ba98eb7085
6c15d87f-b669-4872-bf0a-afb55937d125,keyword,cryptocurrency scams,9693d326-8a08-4d5d-a5ed-47daa9ae86c6
e3711b20-be2f-4b59-9119-2b570b76a183,keyword,american bankers association,96d0ba3d-5de6-458c-a01f-ec4161a301ac
4d5e02aa-1e21-445d-ad8a-ab2c1f9b7880,keyword,acre act,96e4bed5-bd9c-47a3-ad4c-acdabeeb8ba8
29b71b02-5d9b-4b17-80e2-745bb6e367ef,keyword,malware,9713a5e9-fca5-4fbb-81a1-89dca0135db1
074eb8f2-4a0a-444d-a850-346b9455a891,keyword,house budget recommendation,9790f766-bd1a-45ce-8c77-dcf0b6c3f5dc
3e1cfcf6-9203-4b68-809b-a543c7721346,summary,"By Ravi NemalikantiMost community bank boards dont luxury experimenting technology new. Traditional credit risk assessments rely narrow set variables. High-impact areas fraud detection customer service often better starting points credit decisioning, stakes higher need transparency critical. If AI system resilient secure core banking platforms supports, belong production. Imagine AI agent proactively surfaces anomalies loan portfolios quarterly reviews. But like every shift financial services, must handled rigor care. They ones adopt responsibly, starting high-impact use cases, embedding governance every step, preparing tech data foundations coming next. Tags:Artificial intelligenceCredit riskCustomer serviceFraudIdentity fraud",97927bc2-7a19-424c-99b5-d376bf1a0497
bac26a1f-b35e-4170-b315-72f3935574a7,keyword,crypto-procrastination,97a1fdfa-91ee-4aab-bf9a-a5184fe704b4
7b8f6f42-7225-4f5d-a690-945575d5dfbb,keyword,$88 billion per enterprise,97f5ef25-bcfd-4856-a926-ddd6501814a7
c5f167c5-2ac7-43a1-b420-3abf6f3157b8,keyword,amazon reselling,98007b01-80d7-4c65-a75c-d42f3c22199a
4d5e02aa-1e21-445d-ad8a-ab2c1f9b7880,keyword,lenders,981be5ff-1fe2-4f43-9abd-33a47d982a4d
4024661e-a83a-4fcf-b312-401df444f880,keyword,identity theft,986ea81b-0065-4b4a-a00d-f450f5b4ffbe
11193969-3b7e-4209-8238-e65830f7486b,keyword,mortgage rates,986f74b7-ac3e-484a-a975-cc6e103ed363
b0a873ea-6fb1-4f0f-a8a0-295c250d9896,keyword,santander uk,9891854c-2583-4c84-986d-2c437fa0b0e2
0daa37b6-8f58-4406-b6bd-5e0161a92516,keyword,bankers,98a15468-3f31-46e7-9353-f42f9e78a1c1
29b71b02-5d9b-4b17-80e2-745bb6e367ef,keyword,cyber fraud,98acd9ff-eb41-4565-9b95-be37a49bf271
47e731ac-7f5f-4d7c-bcef-750228cc3173,summary,"Bank customers experience fraud likely stay institutions bank able identify perpetrator, according recent study researchers Notre Dame Carnegie Mellon universities. Yet show opposite cases correct attribution: Not customers stay, also display higher levels loyalty untouched fraud.",994256c5-16fe-4dd7-8dac-d62fef64bdc0
29b71b02-5d9b-4b17-80e2-745bb6e367ef,keyword,reputation risk,9972f091-65b6-477b-afd6-46db945ed309
62000238-e57b-49ea-995b-68c27785d2ff,keyword,branding,9978422b-a77d-434b-a399-e7552b273b76
45622da8-f82c-4b90-83f3-47734d2b624f,keyword,financial crime management,9992f793-9a32-4510-9c15-4185c83ee812
bac26a1f-b35e-4170-b315-72f3935574a7,keyword,cybersecurity,99969d27-2adc-4c36-b808-d656a9ce6fe3
cd215a97-49a3-41fa-bc76-b2e5583add4c,keyword,auto loans,99b25cd0-32a5-44f6-9f66-e1a885147285
4a6359df-85f0-4b44-a2c6-dc7b25af00fe,keyword,nice actimize,9a07df94-6982-49e7-8f5a-00765e9b6e2d
a00b78c8-370a-40be-bf1f-eb304abfbcad,keyword,agricultural machinery,9a4454a0-b9b3-48a1-a42c-924b5531ed1f
ec247c74-a711-4d9a-9b6d-ec009cd257aa,keyword,fee compression,9a63cd08-a2c2-409d-b517-2e4de2349ef9
e3711b20-be2f-4b59-9119-2b570b76a183,keyword,indelible ink,9a75bdf4-4673-49cd-8c8b-848aabf75d85
abeb74af-85b6-4241-88ac-d7626dbe9e31,keyword,metadata-rich messaging,9a8ce722-e0d6-4cb9-9fc5-14237bbef5bf
5d43c79e-303b-4cc0-a870-970bd919a6b4,keyword,consumer lending,9af0574d-bc44-492d-a4f8-c83470c232a3
a7157774-b8e8-4c47-9bbe-5534b05d313f,keyword,atm larceny,9af7b37a-965c-4bbf-8f2a-b73b4d8221dd
ec247c74-a711-4d9a-9b6d-ec009cd257aa,keyword,distribution,9b2f801a-088a-41be-a3ca-36174bce7299
80f9af1b-23f6-47c9-b488-830163630357,keyword,cybersecurity,9b663601-aa90-4a79-a974-5b45ccab311b
d5058242-44c6-4560-8983-1f14720018c1,keyword,autodialed calls,9b67609f-1e63-4d12-80cc-cf83f30bd08d
17bf0a8d-21d5-4115-9644-3fc299ff7f69,keyword,business email compromise (bec),9b87c067-1ff7-4f4b-8cbd-552937708a38
214c3121-1f28-4919-9a3f-6a7dd11be3f5,keyword,deepfakes,9bb03599-c40a-4f94-b95b-e3313d9e1aa8
f02359ee-3e9c-42b4-93a5-1834199be6dc,keyword,banking cybersecurity,9bcffa2c-9c4d-41c9-af12-12aab4bf0c36
074eb8f2-4a0a-444d-a850-346b9455a891,keyword,cdfi fund,9bf07925-4dfe-4a7f-825f-fbb592ae9d22
6c15d87f-b669-4872-bf0a-afb55937d125,keyword,reporting,9c1036fe-c89b-411c-8eea-dde1aeb65f3f
80f9af1b-23f6-47c9-b488-830163630357,keyword,check fraud,9c3b26c5-4aa1-4e6e-8abf-16d939cb3ee2
0761cfba-7dac-4691-bfc8-b216c9182f95,keyword,holding company,9c63471b-95f9-4879-8d7c-a6cc67c3a86e
95f5f17b-f5b9-49db-a410-a73e846898a3,keyword,economic uncertainty,9c66304c-c9b3-40f7-9680-466343d482a6
4a6359df-85f0-4b44-a2c6-dc7b25af00fe,keyword,authorized fraud,9c9d8c97-f6b6-4b7e-b118-082b7ca09a77
ed07fd8f-4d8e-4b5e-8579-bc9f44bad3a1,keyword,digital wallet defunding,9d086bbc-6d22-44d8-9c80-3a4e1e01c4e7
45622da8-f82c-4b90-83f3-47734d2b624f,keyword,fraud indicators,9d56ebd5-571c-4587-9c0f-f25ffa71866c
b3f100e2-59ed-4a5f-9301-d3e855e71f78,keyword,customer satisfaction,9d6815b7-6136-4037-bfc7-3f3e83a5b4d1
00f203d8-2f61-420c-9455-b8ae6aa797d7,keyword,real-time reporting,9d74e2bd-9be3-45aa-82a3-c1d1f863fcca
bac26a1f-b35e-4170-b315-72f3935574a7,keyword,fs-isac,9d7e1480-d436-43fc-96f1-7b418a9a4cd5
c5f167c5-2ac7-43a1-b420-3abf6f3157b8,keyword,cosmetics theft,9d8fe958-3c6a-45be-8a68-f729b54dc9b8
c5f167c5-2ac7-43a1-b420-3abf6f3157b8,keyword,gift card fraud,9d9df793-8d93-4c22-ab31-8ba0703271da
ec247c74-a711-4d9a-9b6d-ec009cd257aa,keyword,data security,9de55a8a-6d00-46d7-8ff9-3ccc4b330c64
f02359ee-3e9c-42b4-93a5-1834199be6dc,keyword,.bank,9df68972-85fd-4bcf-87e9-7de544804e2a
ee3db751-b8f2-4838-8283-05af72a45a61,keyword,risk management,9e0257f2-6ab1-4345-a95d-c2d22d215480
ed07fd8f-4d8e-4b5e-8579-bc9f44bad3a1,keyword,account pre-check,9e21110c-397e-4ccd-b1b1-a7792916212b
1d57d511-fe4c-479f-8547-c8143027545c,keyword,national security,9e2c64af-0546-4868-82ad-53f40cc2c8f7
ed80cfc1-737e-4337-9c4c-8ce7ee6981e7,keyword,internal controls,9e3affb6-b12a-466a-99f2-92ceea9b0efd
1d57d511-fe4c-479f-8547-c8143027545c,keyword,cash resilience,9e7733f2-dab2-4a74-bacb-5c7ccb007a4e
56645129-4d3f-4b45-9db3-518085a53c3e,keyword,frontline staff,9ea6d8b5-26e4-4cd6-b3ca-8aebc6a5c311
ed07fd8f-4d8e-4b5e-8579-bc9f44bad3a1,keyword,federal reserve financial services,9eff2d33-0a85-4bcf-af9d-f91e9854b880
0260698b-07fd-4346-a307-f446fa5431b0,keyword,customer satisfaction,9f0d4713-adb4-4725-a447-95b354acd4a5
e24060c5-7b26-4b7c-b34c-4f5a8bf769ab,keyword,aba fraudcast,9f12deb8-fb5d-44cb-bd50-72810c85d9d5
2633b10b-460a-431e-b17e-47e99df629be,keyword,consumer price index (cpi),9f14b7fa-ac01-421e-b4b9-f4c439dbc8c5
e2c1a419-f45c-4fbe-99bf-ed4e43d8eb0d,keyword,data security,9f37a4f4-a5e3-4743-b4c0-99de7e1b086b
17bf0a8d-21d5-4115-9644-3fc299ff7f69,keyword,financial fraud,9f49c3f1-a343-4eea-8d25-a19ea6f4dbe2
b3f100e2-59ed-4a5f-9301-d3e855e71f78,keyword,mortgage origination,9f76815b-45fd-44a8-a3b0-fb9cc8b45999
17bf0a8d-21d5-4115-9644-3fc299ff7f69,keyword,electronic payment fraud,9fa840c5-3227-4d7f-b048-12f1f1375dd9
d380cbfa-e152-4277-9136-bbc9b2e36dc5,keyword,payment methods,9fc44567-574c-40b9-9d9c-8ad088e69fef
0260698b-07fd-4346-a307-f446fa5431b0,keyword,data aggregators,9fd5a906-058f-4674-a230-910e5ffda772
07b7a5e8-f9bc-4745-917f-d64fa95ca06a,keyword,banksneveraskthat,9fe20927-9bf6-46b7-a05d-ec63955a9c0e
5d43c79e-303b-4cc0-a870-970bd919a6b4,keyword,discouragement,9ff22683-1f88-4aff-a696-20e8ef2367e6
b5cf9e0a-6dc5-4de5-8d34-d96bb5f6ed6e,keyword,american bankers association,a0239058-4f09-402f-8654-381b562fb83d
1af8c83c-4eb0-439b-ac80-31a5b613244d,keyword,check fraud mitigation toolkit,a03a3c03-188b-4b54-afea-85cf18e4a562
0daa37b6-8f58-4406-b6bd-5e0161a92516,keyword,scams,a041e129-de44-4649-9e23-92ca2e0d145e
e8345ee5-bd15-4ab4-a554-f571f8312851,keyword,capital one acquisition of discover,a0526695-1553-44a4-9643-fe721ebcd4ba
e24060c5-7b26-4b7c-b34c-4f5a8bf769ab,keyword,aba communities,a094f016-a103-45cf-afb1-b50c47dcd6b7
1afadf49-dde2-4903-b1a6-087fe90e6df8,keyword,u.s. virgin islands,a0b7e851-44c9-46f8-9c7d-5b0fb0c2a26f
467830e6-b416-4627-9d20-580f2bf8b3d9,keyword,td bank survey,a0d29aa8-13b5-42dc-b3aa-978c95f7cf96
c5f167c5-2ac7-43a1-b420-3abf6f3157b8,keyword,asset seizures,a0f82be7-bee8-4215-8a7f-dec70d9d82af
07b7a5e8-f9bc-4745-917f-d64fa95ca06a,keyword,prosecution and penalties,a101cdf7-fa22-40d0-8498-1dfdd2cc32b7
6f20ee1e-fc94-479c-90c0-36954002409a,keyword,infographic,a1aa8a56-6159-4ac5-9bfe-7bdb6772d717
6c15d87f-b669-4872-bf0a-afb55937d125,keyword,cybercrime,a1c129d5-3e30-49ac-a54f-f7eaa4564551
0daa37b6-8f58-4406-b6bd-5e0161a92516,keyword,safe banking for seniors,a200de46-9da4-48fb-b795-a13864ac7f3a
ee3db751-b8f2-4838-8283-05af72a45a61,keyword,cyber risk,a268f0fc-0030-4c9c-bb7e-7e56ee9cfd97
95f5f17b-f5b9-49db-a410-a73e846898a3,keyword,artificial intelligence (ai),a26c54c7-ecbe-4b07-a3c2-c49a3e366f52
6f20ee1e-fc94-479c-90c0-36954002409a,keyword,elder financial fraud,a28fb79f-6383-4fa4-9005-ae828354abca
a00b78c8-370a-40be-bf1f-eb304abfbcad,keyword,farm cash flow,a2c674cb-3795-4c62-abd0-e8d167d74bd6
227b2ecb-6e1d-4bca-9a1e-e6873bec78d1,keyword,tlac,a2f27f98-7435-4647-a4de-a50569514d97
227b2ecb-6e1d-4bca-9a1e-e6873bec78d1,keyword,gsibs,a30fd0c8-9539-47f8-9d54-9abb921d0f23
d5058242-44c6-4560-8983-1f14720018c1,keyword,revoke-all rule,a318bde1-aba7-4e19-93f7-647c25bcd9ea
8e43ce16-d4d1-4d26-a4ca-88ae5ebbab41,keyword,10-city composite,a33208f5-5a2a-4bf1-b029-73ddc51ebfb7
4f66b755-1b07-451c-b18d-6c4ab481da75,keyword,industry trade groups,a38dab2f-9623-4ea2-b0d5-22e111641cb2
56645129-4d3f-4b45-9db3-518085a53c3e,keyword,risk management,a4203cd6-e724-4779-91e3-40a3b13f639c
62000238-e57b-49ea-995b-68c27785d2ff,keyword,in-person service,a4472781-ab4e-4f3d-a3b6-603948b1a3b9
1afadf49-dde2-4903-b1a6-087fe90e6df8,keyword,baseline loan limit,a451a67b-8c91-4588-a9ee-7b5cd0783f1f
778422c8-9d96-4446-9e10-5e19d878c0a8,keyword,john steele gordon,a48e084d-c052-4ec8-b4d2-83c3a7fe3715
778422c8-9d96-4446-9e10-5e19d878c0a8,summary,The Erie Canal one biggest milestones American history celebrated bicentennialof completion week. In episodeJohn Steele GordonFrom Vault columnistABA Banking JournalTags:ABA Banking Journal PodcastHistory,a4aae46b-bf34-4e39-bc98-d6d6d05c6545
05d418d8-3b07-4da4-95c9-c9c6007f8154,keyword,member banks,a55c9fe5-12fb-442b-bf3a-bad6ce092875
52aca3b8-a7df-40c5-b37f-fab7313209eb,keyword,enforcement,a56e968b-3010-4970-93f6-6fc10bad3781
4a6359df-85f0-4b44-a2c6-dc7b25af00fe,keyword,p2p fraud,a581ea52-7b7e-408f-b639-ff6e6cc9098a
62000238-e57b-49ea-995b-68c27785d2ff,keyword,business accounts,a5c11e56-c6a1-444c-a3c0-4961e759cb7f
c5f167c5-2ac7-43a1-b420-3abf6f3157b8,keyword,sars,a5ce60ad-a443-4033-aae1-7ec89c4dd530
68958063-4dd6-4f4f-b392-66c1e228d16d,keyword,social media fraud,a603162d-18ec-48f4-9b86-efe9b4fc7a12
ed80cfc1-737e-4337-9c4c-8ce7ee6981e7,keyword,customer always right,a611c231-caf7-4346-8f2a-405237c7e304
cd215a97-49a3-41fa-bc76-b2e5583add4c,keyword,transunion,a624e67c-343d-484a-86d5-7c74be1d7ddc
446e0338-ae61-4d2f-895c-eda657bbef40,keyword,banks,a649e1de-bd61-4875-a30a-fec8f80888e1
4f66b755-1b07-451c-b18d-6c4ab481da75,summary,"The comment responds FCCs request feedback efficacy STIR/SHAKEN framework. STIR/SHAKEN works IP networks, bad actors exploit gap caller ID authentication schemes.",a64d0d98-6ccf-4875-b029-cae81c7cfbf1
5b078166-f003-4b1e-8398-0e5ef174b923,keyword,bbb scam tracker,a6615ff9-fc9d-43bb-9555-cb83f8970571
f687fa29-3e46-418a-a9fd-a0aff69d928a,keyword,tailored regulation,a668d6ee-6515-442f-9f77-cea4a1ca49e9
05d418d8-3b07-4da4-95c9-c9c6007f8154,summary,"The new tool creates centralized point access TCVS ABA member-banks www.aba.com. Banks accessing TCVS ABA able spot potentially fraudulent government checks real-time help protect taxpayers, banks federal government millions fraud losses.",a69d036c-2fb5-4eb5-9f33-33a4997eaa41
db319a41-b519-4c24-87e4-a30f75a94a16,keyword,national strategy,a6b74d48-407a-461f-baa3-0b2bb2589ac6
8d048644-4c1d-4e91-8f64-d92ea8c8bc48,keyword,financial fraud,a6d71de8-eb35-4713-b927-ab5dc9b8eb44
463b06bf-1141-4884-ab61-6c1b32d733c5,keyword,occ,a6e9c939-6ecd-40e8-9c13-c714e247d0b1
6f20ee1e-fc94-479c-90c0-36954002409a,keyword,fraud,a7690bcd-a5d1-41e9-b22c-5d70457c687b
0daa37b6-8f58-4406-b6bd-5e0161a92516,keyword,fraud,a76fa49f-05e4-4ca3-9f4b-706fc25f3a26
4024661e-a83a-4fcf-b312-401df444f880,keyword,$500,a7bed671-c500-4ef8-aa6e-35ce9a73ba32
aa2fe39b-1c92-4de2-bff6-66a9c492c80b,keyword,supervisory tailoring,a8520428-a8cd-46da-9cef-5cd41ba12268
07b7a5e8-f9bc-4745-917f-d64fa95ca06a,summary,"The American Bankers Associationtestifiedtoday banks extraordinary efforts protect customers increasingly sophisticated fraud threats shared ideas lawmakers bolster fight fraud. Most importantly, banks need strong partnerships law enforcement, resources combat crimes match amount money stolen consumers, said Benda. And criminals caught, punishments must match crime, offenders wont continue steal American consumers businesses.",a857c749-733a-49d0-a4e0-c2f4ee79a31d
4f66b755-1b07-451c-b18d-6c4ab481da75,keyword,stir/shaken,a86bd6fd-f445-4470-b5d3-291244950ca0
0260698b-07fd-4346-a307-f446fa5431b0,keyword,banks,a87d5a7e-d8c4-40ed-9fa5-84b9efc7e45f
0761cfba-7dac-4691-bfc8-b216c9182f95,keyword,mergers and acquisitions,a8983612-a6e4-493f-9aa7-b0f0be7d36c7
446e0338-ae61-4d2f-895c-eda657bbef40,keyword,aba fraudcast,a8a6feed-1763-4009-8151-53cff2e7b4ee
e2c1a419-f45c-4fbe-99bf-ed4e43d8eb0d,keyword,domain security,a92fb898-0eb4-4098-86b0-5456d70b01c5
abeb74af-85b6-4241-88ac-d7626dbe9e31,keyword,agentic commerce,a950bf16-39ed-48b6-9dd0-f6d4f8b5edb1
0daa37b6-8f58-4406-b6bd-5e0161a92516,summary,"One major efforts busy team ABA Foundation days helping bankers help older Americans protect scams. Please subscribe!ABA offers resourcesto help banks prevent, identify, measure report fraud, serve protect consumers financial data.",a97f5688-22f1-44b9-ba1d-dfaeef469b61
4d5e02aa-1e21-445d-ad8a-ab2c1f9b7880,summary,"The IRS today issuedinterim guidancefor new tax benefit lenders serving rural agricultural communities, included tax package passed Congress earlier year. The IRS also inviting public comment proposed regulations, submitted websiteregulations.gov.",a9dd5af2-557c-40b4-a656-c61d3cbd6f22
c5f167c5-2ac7-43a1-b420-3abf6f3157b8,keyword,organized retail crime (orc),a9efa30a-acbd-4c7f-8228-46228c57d68f
e8345ee5-bd15-4ab4-a554-f571f8312851,keyword,uninsured deposits,aa9fe651-a6fa-4c1c-96fa-4c7c45e30f6a
a7157774-b8e8-4c47-9bbe-5534b05d313f,keyword,aba,aab3ed36-4feb-4522-b882-944dc260eb65
d380cbfa-e152-4277-9136-bbc9b2e36dc5,keyword,payee forgery,ab00d9e7-ea93-466d-8f45-7464d984174f
db46995a-a121-45b7-8a3d-d12e8e80168d,keyword,lending services,ab11a027-5284-46e4-b43f-815b7b921f1c
1d57d511-fe4c-479f-8547-c8143027545c,keyword,secure currency solutions,ab2b1278-cb19-43a7-91bb-47dd9c4a3684
0761cfba-7dac-4691-bfc8-b216c9182f95,keyword,m&a news,ab36e7b2-cac7-485a-b124-8b2991c784f5
074eb8f2-4a0a-444d-a850-346b9455a891,keyword,rural financial award program,aba811bf-1c17-4893-81ab-aa4806e2390f
074eb8f2-4a0a-444d-a850-346b9455a891,keyword,federal funding,ac14aecc-d2e6-48b0-9e9c-02bac3f8384c
214c3121-1f28-4919-9a3f-6a7dd11be3f5,keyword,cybersecurity,ac1dce7a-7e81-4565-a183-8c0baf79ade7
e3711b20-be2f-4b59-9119-2b570b76a183,summary,"Check fraud schemes commonly target U.S. mail steal checks, alter wash change payee dollar amount, ultimately steal money victims accounts. To kick partnership, ABA U.S. Postal Inspection Service today released anew consumer resourceto educate consumers check washing protect mail checks. According infographic, consumers take several actions protect mail including:Get mail promptly delivery.",ac22ac8c-b926-4eb8-a1e4-f97e7d49d1f9
a7157774-b8e8-4c47-9bbe-5534b05d313f,keyword,direct memory access (dma) attacks,ac326fe5-f1e3-4646-8d4e-8ea3c6d38f8c
6f20ee1e-fc94-479c-90c0-36954002409a,keyword,reverse image search,acac286b-13a2-4943-83d7-ed29213d7352
7b8f6f42-7225-4f5d-a690-945575d5dfbb,keyword,gses market share,ad095eb6-774d-459b-ad21-fae250e1c7c3
db319a41-b519-4c24-87e4-a30f75a94a16,keyword,aba fraudcast,ad27670a-8980-411a-83e0-060988539c6e
08be2bb8-2da1-439e-8d73-d54a52f8ddc6,summary,"Most tax-exempt organizations must file special IRS form called Form 990 ensure basic transparency compliance U.S. laws nonprofits. By 5-to-1 margin (64% vs. 13%), consumers believe credit unions disclosure taxation requirements tax-exempt organizations.",ad89dcda-07e6-4c77-bdcf-b6cfab65a906
29b71b02-5d9b-4b17-80e2-745bb6e367ef,keyword,cybersecurity plan,adbaaf6a-447b-4e7f-9933-926f57ef6f3a
b0a873ea-6fb1-4f0f-a8a0-295c250d9896,keyword,banksneveraskthat,add63d11-348e-4f36-988b-7daffac9e16d
a00b78c8-370a-40be-bf1f-eb304abfbcad,keyword,pat kussman,add8a12a-12a4-405c-bf9c-e5dbe5edeb38
5b078166-f003-4b1e-8398-0e5ef174b923,keyword,bankrate survey,ae2ce658-2158-4388-9720-f030055bc8a0
f02359ee-3e9c-42b4-93a5-1834199be6dc,keyword,ftld registry services,ae37cbc1-36f5-4c84-9834-5b7e606ca0fb
8d048644-4c1d-4e91-8f64-d92ea8c8bc48,keyword,payment providers,aea7d789-2388-41de-b368-8a1d42a348ac
3e1cfcf6-9203-4b68-809b-a543c7721346,keyword,security,aeced94b-d0aa-4a72-b5b3-6bca56f75e5f
29b71b02-5d9b-4b17-80e2-745bb6e367ef,keyword,third-party/vendor risk,aeddff25-b714-4132-bcb5-a478f790750f
ec247c74-a711-4d9a-9b6d-ec009cd257aa,keyword,divestiture,af11339f-84c2-4d5f-8ff1-458767cebf56
2633b10b-460a-431e-b17e-47e99df629be,keyword,indexing regulatory thresholds,af3b68f9-8284-403d-9924-52fa7357b5b0
0761cfba-7dac-4691-bfc8-b216c9182f95,keyword,american bank of oklahoma,af4674df-e438-4878-83d3-204650a767b7
80f9af1b-23f6-47c9-b488-830163630357,keyword,fraud prevention,af492d93-1fbc-4a13-a7ba-bfcd7871fced
b0a873ea-6fb1-4f0f-a8a0-295c250d9896,keyword,identity fraud,afa5bc00-a72f-4acd-accd-7949f954c529
a00b78c8-370a-40be-bf1f-eb304abfbcad,keyword,drones,afa74d47-259c-4885-90ff-e486dc7592ce
5d43c79e-303b-4cc0-a870-970bd919a6b4,keyword,discouragement claims,afcad7df-167a-4e6b-9d75-427db14bf577
5451ae1c-fda3-4bc9-9bf7-a8e68fd48379,keyword,safer act,afd76fea-eb3a-447d-8fda-f0717d8375b6
1d57d511-fe4c-479f-8547-c8143027545c,keyword,atm security,afe15873-41af-4db3-9ed3-0c46fbd8c342
778422c8-9d96-4446-9e10-5e19d878c0a8,keyword,canal construction,b0333b53-8f9e-4103-914e-ec0635f5b543
4024661e-a83a-4fcf-b312-401df444f880,keyword,cost of technology,b03a3cea-7c42-4831-8912-b549667e590d
4024661e-a83a-4fcf-b312-401df444f880,summary,"Net interest margins important external risk facing community banks, according Conference State Bank Supervisors2025 community bank survey. Technology implementation related costs ranked second among internal risks, credit replaced liquidity third spot. However, largest year-over-year change payment services, competition nonbanks without physical presence market increasing seven percentage points.",b03a5de1-2a2e-4ff9-84be-0cc916f440c9
3e1cfcf6-9203-4b68-809b-a543c7721346,keyword,bias,b07104da-de18-4024-b559-a0ac0314cc84
17bf0a8d-21d5-4115-9644-3fc299ff7f69,keyword,remote deposit capture (rdc),b0902c69-d0e0-439a-8353-d432d9f0cfa5
d380cbfa-e152-4277-9136-bbc9b2e36dc5,keyword,real-time/instant payments,b0a6a30f-83b6-4e9f-ac3f-65f56bf59eba
8d048644-4c1d-4e91-8f64-d92ea8c8bc48,keyword,consumer protection,b0c1a429-f6c4-49bc-916f-3761a650fdb4
4024661e-a83a-4fcf-b312-401df444f880,keyword,community banks,b0d515a1-80f6-4753-b4db-30ecf6f7e4f8
b5cf9e0a-6dc5-4de5-8d34-d96bb5f6ed6e,keyword,congress,b11c929c-181d-4d80-a889-846785fb2e70
1d57d511-fe4c-479f-8547-c8143027545c,keyword,privacy,b11d955d-bfb3-428f-99c9-fa7e5efea4d7
c5f167c5-2ac7-43a1-b420-3abf6f3157b8,keyword,ulta beauty,b1514718-dba9-43ec-9956-880759bd8ac6
e8345ee5-bd15-4ab4-a554-f571f8312851,keyword,lending growth,b205b26b-8072-4501-8e8b-7340053c0f76
4a6359df-85f0-4b44-a2c6-dc7b25af00fe,keyword,collective intelligence,b232d8a8-37c6-4323-8640-d7049d2a13aa
8d048644-4c1d-4e91-8f64-d92ea8c8bc48,keyword,ecosystem approach,b2a85b1f-a3c8-4923-a0c0-804ebfced8d7
5451ae1c-fda3-4bc9-9bf7-a8e68fd48379,summary,"The survey found Americans believe nations banks competing aggressively business ample access banking services. Eight 10 (83%) respondents agree multiple options selecting products services bank accounts, loans credit cards, percentage said wide array choices deciding bank. Three-quarters consumers (76%) say nations banks source strength U.S. economy appreciate key role banks play supporting financial needs individuals, businesses local communities. These survey results come lawmakers recently reintroduced legislation designed lift rural economy.",b2bef7b1-d5b7-4cb9-9082-f12469282ba3
f687fa29-3e46-418a-a9fd-a0aff69d928a,keyword,indexing to economic growth,b2e55273-ef98-4e84-97eb-bd1d82227c9b
29b71b02-5d9b-4b17-80e2-745bb6e367ef,keyword,c-suite executives,b2f65d9f-18c6-4e52-a302-209da204bdb5
f687fa29-3e46-418a-a9fd-a0aff69d928a,keyword,regulatory burden,b3085f7f-8878-4e7d-9154-36f4abbff0b6
e2c1a419-f45c-4fbe-99bf-ed4e43d8eb0d,keyword,cybersecurity,b33d0aab-e93f-4a2e-ba93-d259e0d5e176
a00b78c8-370a-40be-bf1f-eb304abfbcad,keyword,artificial intelligence,b33f9bfc-4aee-432b-aafa-8afddead32ec
ed80cfc1-737e-4337-9c4c-8ce7ee6981e7,keyword,empowerment,b39704ee-f4b8-4fbd-9cd3-eaa18fee9ca5
ed07fd8f-4d8e-4b5e-8579-bc9f44bad3a1,keyword,vendor payments,b40489db-e04e-4eab-8a50-73c52d20e878
4024661e-a83a-4fcf-b312-401df444f880,keyword,economic conditions,b46efe2a-62c2-4e06-a07b-1d07fe0939f2
45622da8-f82c-4b90-83f3-47734d2b624f,keyword,elder scams,b494a6ea-81a3-45bd-8e82-7d5a9b365b97
446e0338-ae61-4d2f-895c-eda657bbef40,keyword,fraud detection,b4db56d0-9664-4192-afbf-5a2641ee7e45
778422c8-9d96-4446-9e10-5e19d878c0a8,keyword,mass transport,b5162bcb-ad3e-40f3-915f-ecef201267e1
c5f167c5-2ac7-43a1-b420-3abf6f3157b8,keyword,operation boiling point,b5510ca9-9ae2-4fa7-b882-0ccb92f24d14
1d57d511-fe4c-479f-8547-c8143027545c,keyword,community resilience,b5729f17-7611-4551-880e-b4f5e8f2dc50
00f203d8-2f61-420c-9455-b8ae6aa797d7,keyword,american bankers association,b62040af-4853-4962-a74d-3175fc83b128
17bf0a8d-21d5-4115-9644-3fc299ff7f69,keyword,deposit account fraud,b62e25b5-1a31-4636-8700-7cbfb7878f81
45622da8-f82c-4b90-83f3-47734d2b624f,keyword,virtual kidnapping,b67f0cb5-86ec-4a02-ad33-06e92a844c77
778422c8-9d96-4446-9e10-5e19d878c0a8,keyword,canal financing,b69b6a2f-0aa7-4e30-a885-83f66375ad3d
7b8f6f42-7225-4f5d-a690-945575d5dfbb,keyword,2026 multifamily loan purchase caps,b6dd5f15-3656-41fe-956e-ceb93cfa3a7b
52aca3b8-a7df-40c5-b37f-fab7313209eb,keyword,cfpb,b6eb3aad-be7a-40e1-b218-55945481209e
47e731ac-7f5f-4d7c-bcef-750228cc3173,keyword,customer trust,b72f79b3-e5fd-4f31-9640-05f9e848a09a
e8345ee5-bd15-4ab4-a554-f571f8312851,keyword,fdic,b73a8c27-1e43-431f-94ae-1a64aefd632f
5b078166-f003-4b1e-8398-0e5ef174b923,keyword,escalation process,b78099d8-e634-41a0-9b3c-5111c9e951ef
6f20ee1e-fc94-479c-90c0-36954002409a,keyword,aba foundation,b7bc9691-c04a-4f53-8ec6-3b7f754d1c5e
c5f167c5-2ac7-43a1-b420-3abf6f3157b8,keyword,human trafficking,b7bdf465-6c90-4a39-af51-2656d20aefe2
62000238-e57b-49ea-995b-68c27785d2ff,keyword,mergers and acquisitions,b7ea74b5-cea3-43d8-839b-0a860b9baa17
1af8c83c-4eb0-439b-ac80-31a5b613244d,keyword,malware,b845a7a5-4344-4504-9410-0be1c30f9114
4a6359df-85f0-4b44-a2c6-dc7b25af00fe,keyword,uk regulation,b863fc1f-9923-4c9e-ae6c-67adcfab2b99
b0a873ea-6fb1-4f0f-a8a0-295c250d9896,keyword,scam victims,b86d5d14-d589-4b81-888f-25933d6f3447
6f20ee1e-fc94-479c-90c0-36954002409a,keyword,digital footprint,b89dc6b1-f1f7-4a5f-ac59-72d49b2f7616
aa2fe39b-1c92-4de2-bff6-66a9c492c80b,keyword,third-party risk,b91260e6-b895-4b43-8cb2-3acb32fb18a1
4d5e02aa-1e21-445d-ad8a-ab2c1f9b7880,keyword,loans secured by rural real property,b96c3209-a9bb-4c4b-bfe5-25af75f8fc58
00f203d8-2f61-420c-9455-b8ae6aa797d7,keyword,paul benda,b96df10b-fdb8-40ae-af66-6c3cec3503f2
07b7a5e8-f9bc-4745-917f-d64fa95ca06a,keyword,law enforcement collaboration,b9c78b2f-0ef1-4839-a59a-7c2427771490
074eb8f2-4a0a-444d-a850-346b9455a891,keyword,congressional appropriations,bae56091-9607-4126-a13b-0d7f3dd424d9
1af8c83c-4eb0-439b-ac80-31a5b613244d,keyword,fraud mitigation,baf0ebd4-12b2-4e17-9e22-941018cbf31f
5b078166-f003-4b1e-8398-0e5ef174b923,keyword,relationship investment scams,bb03d665-3ec3-4bee-9254-8495137b9e85
e2c1a419-f45c-4fbe-99bf-ed4e43d8eb0d,keyword,fake bank websites,bb094531-64bf-4a49-ad04-ff884fdd0d95
f8ef297f-060e-4365-8d9b-264ba862c619,keyword,consumer expectations,bb3423da-4581-443b-9469-423fb253945c
ed07fd8f-4d8e-4b5e-8579-bc9f44bad3a1,keyword,risk mitigation tools,bb42ed0d-489e-4b5e-a1a8-747e4c79c052
95f5f17b-f5b9-49db-a410-a73e846898a3,keyword,tariffs,bb55e9c9-f4d5-4ec7-add3-008da901dd25
1afadf49-dde2-4903-b1a6-087fe90e6df8,summary,"The Federal Housing Finance Agency today announcedthe conforming loan limit valuesfor mortgages Fannie Mae Freddie Mac acquire next year. The new ceiling loan limit one-unit properties $1,249,125, 150% $832,750.Special statutory provisions establish different loan limits Alaska, Hawaii, Guam U.S. Virgin Islands.",bb5ed35c-4190-46cc-8de5-7490d0f6eced
ed80cfc1-737e-4337-9c4c-8ce7ee6981e7,keyword,customer protection,bbc5fa49-62ff-4e18-82ea-1071bff4a544
ee3db751-b8f2-4838-8283-05af72a45a61,keyword,financial sector,bbcf74bd-4ba1-4aa0-b852-0addab181c3c
d380cbfa-e152-4277-9136-bbc9b2e36dc5,keyword,scams,bbd40625-56c3-45ee-8a71-557baca00c68
347242d3-6e22-4375-8360-8d8de561cd58,keyword,financial crimes,bbef25b3-4e6a-45a8-a235-d17ed1a09fbf
a7157774-b8e8-4c47-9bbe-5534b05d313f,keyword,jackpotting,bc11de1f-da85-4d94-b379-af7210ef2554
f8ef297f-060e-4365-8d9b-264ba862c619,keyword,credit unions,bc5cafe3-e5f4-42c1-98fd-286aa23b3cc1
56645129-4d3f-4b45-9db3-518085a53c3e,keyword,fraud training,bc6d329e-8c91-48dc-a7cf-db210f545fc3
52aca3b8-a7df-40c5-b37f-fab7313209eb,keyword,supervision,bc8281b2-0290-4702-a45d-64cdfbab1c48
17bf0a8d-21d5-4115-9644-3fc299ff7f69,keyword,account takeover,bc9358a8-1ed0-4045-a87e-45694e575660
1af8c83c-4eb0-439b-ac80-31a5b613244d,keyword,payments fraud,bc94e437-18aa-4e6f-ac99-a6c98ec2be56
3e1cfcf6-9203-4b68-809b-a543c7721346,keyword,transparency,bd007069-d9d5-496c-bfab-9f5f7a89d0c3
ec247c74-a711-4d9a-9b6d-ec009cd257aa,keyword,erisa expertise,bd51cad4-530c-4bfa-a3dd-3eae38141096
05d418d8-3b07-4da4-95c9-c9c6007f8154,keyword,stimulus payments,bd94b931-e3fe-46c0-991a-548dc095760d
80f9af1b-23f6-47c9-b488-830163630357,keyword,consumer awareness campaigns,bdf577d2-a67c-4556-aee2-87e0de26d41d
07b7a5e8-f9bc-4745-917f-d64fa95ca06a,keyword,check fraud,be635845-2223-4559-b934-8c71c456dc32
ed07fd8f-4d8e-4b5e-8579-bc9f44bad3a1,keyword,transaction volume growth,be9bef8c-5fd3-4294-ba58-0c3bf2159e00
227b2ecb-6e1d-4bca-9a1e-e6873bec78d1,keyword,enhanced supplementary leverage ratio,bea63fae-7463-4ae6-a2d1-3c26e26211d0
4a6359df-85f0-4b44-a2c6-dc7b25af00fe,keyword,check fraud,bec28e45-9830-4f66-a24f-7228f7085cc4
463b06bf-1141-4884-ab61-6c1b32d733c5,keyword,stablecoin,beff1bcf-e65b-4b8d-820f-c20ef1582c9a
80f9af1b-23f6-47c9-b488-830163630357,keyword,practice safe checks,bf3849f0-5ab8-458a-9316-d24bbe35a6aa
a7157774-b8e8-4c47-9bbe-5534b05d313f,keyword,atm security,bf390fed-ba83-43bf-b976-527ffc514e4a
e8345ee5-bd15-4ab4-a554-f571f8312851,summary,"Strong net interest income growth reduction provision expense, primarily related Capital Ones acquisition Discover earlier year, drove quarterly increase earnings. During quarter, four banks sold uninsured institutions 38 institutions merged consolidated banks.",bf451868-c59c-4e2f-b8e0-d0012d4474a3
4d5e02aa-1e21-445d-ad8a-ab2c1f9b7880,keyword,rural communities,bf6195ae-daed-4e25-91e4-299130020d42
8ac8360c-fa1c-4ea7-842c-7f3db4a30fe3,keyword,community bank leverage ratio,bf720b89-28d9-4a5e-95b8-d8574a96c8ae
ed07fd8f-4d8e-4b5e-8579-bc9f44bad3a1,keyword,fema,bf735f64-f69b-4d06-a93e-a76e77f99ea0
b5cf9e0a-6dc5-4de5-8d34-d96bb5f6ed6e,keyword,anti-money laundering,c00af2b8-1de5-453a-a80e-bc265f689f7f
45622da8-f82c-4b90-83f3-47734d2b624f,keyword,customer manipulation,c0751ef5-36bd-455b-b0bc-0524f60c592b
5451ae1c-fda3-4bc9-9bf7-a8e68fd48379,keyword,rural communities,c0862856-8e67-4e9e-b2c1-60bfad5512d2
c5f167c5-2ac7-43a1-b420-3abf6f3157b8,keyword,skimming,c09bda43-2d87-498e-bbe1-aa2b7dc46186
1d57d511-fe4c-479f-8547-c8143027545c,keyword,unbanked,c0f270f7-bb24-457c-a4cd-4e5c01122848
4a6359df-85f0-4b44-a2c6-dc7b25af00fe,keyword,new-account controls,c106e4ee-ff50-40e0-8643-1fd147c0cf50
56645129-4d3f-4b45-9db3-518085a53c3e,keyword,scam typologies,c11b4479-58bc-4074-95f2-18355356afae
17bf0a8d-21d5-4115-9644-3fc299ff7f69,keyword,identity theft,c175cce3-f246-4dee-a7fc-8b62b8c6c913
fafa6d5c-d46e-40a8-97a3-f02f48da91d8,keyword,fcc,c1798d8f-21aa-42d7-94a5-9e7cf7aaeaea
45622da8-f82c-4b90-83f3-47734d2b624f,keyword,quick reference guide,c1897b54-f893-4360-876e-3f2a51f980fc
4024661e-a83a-4fcf-b312-401df444f880,keyword,card fraud,c1e779f0-eb95-46de-9e66-7ec3db199f79
463b06bf-1141-4884-ab61-6c1b32d733c5,keyword,compliance,c1f2f7e2-a462-4f26-b06c-bf61c840d362
074eb8f2-4a0a-444d-a850-346b9455a891,keyword,community development,c2221f86-ffab-4445-bf16-3cb6f9ea872d
68958063-4dd6-4f4f-b392-66c1e228d16d,keyword,synthetic media,c228c819-2ed5-40d9-8291-d3cf41a76ca4
68958063-4dd6-4f4f-b392-66c1e228d16d,keyword,generative ai,c2a83b83-06d0-4254-b2cf-942c8185a645
446e0338-ae61-4d2f-895c-eda657bbef40,keyword,fraud reporting,c2c5b520-8437-46a0-9d01-47fbde37957f
227b2ecb-6e1d-4bca-9a1e-e6873bec78d1,summary,"The banking agencies today approved changes enhanced supplementary leverage ratio, eSLR, standards largest banks part reforms pursued jointly federal banking agencies. However, change rule first proposed, buffer would capped 1% subsidiary banks. These decisions impeded ability banks act shock absorbers times stress, particularly key markets like U.S. Treasury market, Gould said.",c31a0330-67e8-4be2-b943-26e8989235c1
2633b10b-460a-431e-b17e-47e99df629be,keyword,deposit insurance fund (dif),c34d4dd7-da9f-4f9c-a408-ffdb1df5a15c
e8345ee5-bd15-4ab4-a554-f571f8312851,keyword,reserve ratio,c384938e-6fed-4933-89e7-a656a50fa9b0
4024661e-a83a-4fcf-b312-401df444f880,keyword,fraud,c3c44209-6c2f-4804-b808-d74b76ffd128
1afadf49-dde2-4903-b1a6-087fe90e6df8,keyword,alaska,c42355ee-eb6c-4376-830a-dd60faf7075b
b3f100e2-59ed-4a5f-9301-d3e855e71f78,keyword,loan offerings,c443ec33-345b-4284-9c61-3b9a92f0d094
467830e6-b416-4627-9d20-580f2bf8b3d9,keyword,workforce housing,c46089c8-f963-4e15-bc8f-06bc1b495c9c
5451ae1c-fda3-4bc9-9bf7-a8e68fd48379,keyword,banking fees,c4792fd2-22ef-468a-b17e-7f2a0a56b5b1
b0a873ea-6fb1-4f0f-a8a0-295c250d9896,keyword,bank scams,c4861a79-0d21-4f76-a635-9f876b8d4a66
1d57d511-fe4c-479f-8547-c8143027545c,keyword,cash management solutions,c5064dae-d9ae-4ba6-a00e-65ab49f522dd
1af8c83c-4eb0-439b-ac80-31a5b613244d,keyword,scams,c54a1c40-7a06-436a-8585-1fb09106aa73
e8345ee5-bd15-4ab4-a554-f571f8312851,keyword,provision expense,c56730ff-da40-4816-8d17-c90e5087f95c
8ac8360c-fa1c-4ea7-842c-7f3db4a30fe3,keyword,grace period extension,c5996dc5-e7e6-492d-b5d7-60b978f87bb9
00f203d8-2f61-420c-9455-b8ae6aa797d7,keyword,counterfeit checks,c5c22785-6edf-467f-a6c3-ebc532fc87ba
56645129-4d3f-4b45-9db3-518085a53c3e,keyword,staff turnover,c5fb15bd-1586-4d48-89e0-3e324cfda5d5
0761cfba-7dac-4691-bfc8-b216c9182f95,summary,"BancFirst Oklahoma City agreed buy American Bank Oklahoma Collinsville. Jewel Box, parent $661 million-asset Farmers & Merchants Union Bank, expects buy holding company $202 million-asset American Bank Beaver Dam first quarter, according announcement Olsen Palmer.",c5fb6e42-3399-4abc-9584-25bdf2b2119c
1d57d511-fe4c-479f-8547-c8143027545c,summary,"Banks sizes play vital role ensuring access cash, cash remaining foundational element stable accessible economy. For many, feels world rapidly leaving behind physical currency favor sleek mobile apps algorithm-driven financial systems. Understanding Todays Cash Access ChallengesIn recent years, troubling trend emerged: merchants increasingly refuse accept cash. Without functioning cash ecosystem infrastructure, communities would left unable transact, leaving economy paralyzed stability needed. Why Cash Still Matters BanksFor banks, case maintaining strengthening cash access goes beyond tradition, matter mission, equity, trust. For banks see stewards local stability, supporting cash simply matter convenience ensuring communities function times hardship. The Payment Choice Act requires businesses accept in-person payments physical locations accept cash transactions $500. This closes critical loopholes strengthens public trust ATM access safe reliable cash source. Together, bills align closely mission banks protecting inclusion, fairness, resilience. They underscore principle United States, access legal tender never optional dependent geography, income, business model retailer. Giesecke+Devrients Role Strengthening Cash EcosystemWhile legislation help, preserving cash access also requires innovation operational excellence. With 170 years expertise secure currency solutions strong U.S. presence, G+D helps financial institutions modernize safeguard every stage cash lifecycle. Our digital forecasting management platforms provide real-time insights optimized forecasting, ensuring banks balance cash supply demand precision, avoiding costly shortages idle reserves. Banks, local presence deep trust among customers, uniquely positioned lead way preserving essential resource.",c6013790-8412-4447-a1fb-09b7b9b06d85
d5058242-44c6-4560-8983-1f14720018c1,keyword,tcpa,c60938da-e804-4741-8e50-0871a21fb315
5ac083f6-1cf7-4616-89d4-ad40d695546e,keyword,fraud,c6240756-b2a4-4b68-a12d-23e086946f03
5ac083f6-1cf7-4616-89d4-ad40d695546e,keyword,information sharing,c65c004b-82e4-4991-ac8d-c46e92caf597
b0a873ea-6fb1-4f0f-a8a0-295c250d9896,keyword,risk fraud and cybersecurity,c6621cc4-6b18-4d50-9a38-64a22955a465
68958063-4dd6-4f4f-b392-66c1e228d16d,keyword,deepfakes,c681fc26-bffc-4e65-9247-6fde546fe9a3
68958063-4dd6-4f4f-b392-66c1e228d16d,keyword,phishing,c684cc64-10c1-4852-88a9-aa37ae44e1ad
8ac8360c-fa1c-4ea7-842c-7f3db4a30fe3,keyword,american bankers association,c6932a2c-39e7-4a22-8fa0-79f892c8aa38
214c3121-1f28-4919-9a3f-6a7dd11be3f5,keyword,account takeover,c7077fd8-8417-4feb-9701-5025e77167bb
e3711b20-be2f-4b59-9119-2b570b76a183,keyword,mail theft,c8234450-aa22-47d2-ac91-1c66f5383cd0
f687fa29-3e46-418a-a9fd-a0aff69d928a,keyword,republican house financial services committee,c827542e-2030-4b95-8a30-7c787d80f2cb
ed07fd8f-4d8e-4b5e-8579-bc9f44bad3a1,keyword,fednow service,c836d232-c808-433c-8820-93e721350505
e8345ee5-bd15-4ab4-a554-f571f8312851,keyword,assessments,c844391b-985e-42ea-9eb3-1c79150695d9
5b078166-f003-4b1e-8398-0e5ef174b923,keyword,banks,c8a83cf0-c4fa-4181-9e86-0adc34eb124a
446e0338-ae61-4d2f-895c-eda657bbef40,keyword,compliance,c8a9ecbd-131f-40e8-81ec-5b80fc88f468
4a6359df-85f0-4b44-a2c6-dc7b25af00fe,keyword,investment scams,c9383c38-58a7-4c4f-bf3e-918d66a88423
07b7a5e8-f9bc-4745-917f-d64fa95ca06a,keyword,consumer protection,c95e1ec3-bd79-41e9-b48a-db50adff5e46
08be2bb8-2da1-439e-8d73-d54a52f8ddc6,keyword,form 990,c95f6346-70e3-47b8-a6ce-25c4f6af4e8f
f687fa29-3e46-418a-a9fd-a0aff69d928a,keyword,regional banks,c9690175-d1b0-45f0-89cf-7e9e907c8046
db46995a-a121-45b7-8a3d-d12e8e80168d,keyword,customer experience,c98eb052-d1c6-4ca4-9d35-9dd61a072f00
08be2bb8-2da1-439e-8d73-d54a52f8ddc6,keyword,morning consult survey,c9be4d27-c883-458a-83cf-466fbb7a2966
4d5e02aa-1e21-445d-ad8a-ab2c1f9b7880,keyword,regulations.gov,ca245c02-dc5f-4f39-b02b-1344d4d7c30c
17bf0a8d-21d5-4115-9644-3fc299ff7f69,keyword,fraud losses,caa734f4-c7e0-4604-9bd9-7728fd3bbeab
d5058242-44c6-4560-8983-1f14720018c1,keyword,american bankers association,cab29f29-6b36-4ef5-bd48-ad2db67c339a
5451ae1c-fda3-4bc9-9bf7-a8e68fd48379,keyword,bank customer satisfaction,cad462f1-a188-495b-9598-e40ff79eaeab
23c2e147-b027-455d-9727-51ac79584d63,keyword,issuing bank,caf6ca90-6068-498d-82c2-2dc19d5a9df9
b0a873ea-6fb1-4f0f-a8a0-295c250d9896,keyword,consumer data protection,cb08d6f7-7138-4c56-ab7e-c11ea86d3678
0daa37b6-8f58-4406-b6bd-5e0161a92516,keyword,consumer education,cb64adad-8030-4237-b721-32bfe3ae16ba
c5f167c5-2ac7-43a1-b420-3abf6f3157b8,keyword,labor trafficking,cb8f9aa8-44ea-416b-abea-5df045c84437
e2c1a419-f45c-4fbe-99bf-ed4e43d8eb0d,keyword,ftld registry services,cb939597-d344-42a2-aa46-2b3546afc21a
5451ae1c-fda3-4bc9-9bf7-a8e68fd48379,keyword,banking transparency,cbb2cdde-a5e3-4652-9e32-0e2c4778a991
6f20ee1e-fc94-479c-90c0-36954002409a,keyword,audio deepfakes,cbc280a9-b3ba-4c62-933b-f7a85a216394
463b06bf-1141-4884-ab61-6c1b32d733c5,summary,"According OCC statement, letter states national bank may pay network fees, also known gas fees, blockchain networks facilitate otherwise permissible activities. A bank may also hold, principal, amounts crypto assets balance sheet necessary pay network fees anticipates reasonably foreseeable need.",cbddb4be-efe3-4c39-803c-80afa0e64848
80f9af1b-23f6-47c9-b488-830163630357,keyword,law enforcement,cbe23e5e-ba40-4c9f-9c74-95fe7a98a618
e2c1a419-f45c-4fbe-99bf-ed4e43d8eb0d,keyword,top-level domain,cbe76c42-72b7-4958-b9fa-92d84e64924c
80f9af1b-23f6-47c9-b488-830163630357,keyword,caller id spoofing,cbe89c66-5145-4060-afee-1c63e9b8a9a4
347242d3-6e22-4375-8360-8d8de561cd58,keyword,paul benda,cc2bc4e0-52b8-4be1-a27b-93323ad35bf5
dd316280-bcc5-4d12-8ac9-24ed1e34ee31,keyword,transaction holds,cc6c39a0-f442-4534-bafd-1d9e14821130
52aca3b8-a7df-40c5-b37f-fab7313209eb,keyword,examinations,cce0b138-fcf1-48a0-b740-3668fad69992
e8345ee5-bd15-4ab4-a554-f571f8312851,keyword,return on assets,ccfe9424-60f0-4454-8938-5ae978358209
467830e6-b416-4627-9d20-580f2bf8b3d9,keyword,construction costs,cd339739-b540-410f-a62f-f8667f3d59d7
05d418d8-3b07-4da4-95c9-c9c6007f8154,keyword,social security benefits,cdb60c99-d6ed-4fc6-972c-8ecac6ed8835
aa2fe39b-1c92-4de2-bff6-66a9c492c80b,keyword,bsa examination procedures,cddd197d-eb08-4516-9e19-7cd111a39a29
fafa6d5c-d46e-40a8-97a3-f02f48da91d8,keyword,revoke-all rule,cde1d991-60e5-4743-be09-fb351074e143
dd316280-bcc5-4d12-8ac9-24ed1e34ee31,keyword,hold laws,ce80fd53-387b-458b-8678-576c30fac74a
aa2fe39b-1c92-4de2-bff6-66a9c492c80b,keyword,third-party service providers,cea08517-3645-4ee3-991b-871f546d2c0e
463b06bf-1141-4884-ab61-6c1b32d733c5,keyword,gas fees,cea99bce-e12e-4010-8e87-5eb8d9887ef9
4024661e-a83a-4fcf-b312-401df444f880,keyword,account takeover,ceb31c71-2b41-4aeb-8a95-5c6ff6432c42
4024661e-a83a-4fcf-b312-401df444f880,keyword,economies of scale,cec5d550-c4d9-4512-9654-266c8f43bbb7
52aca3b8-a7df-40c5-b37f-fab7313209eb,keyword,statutory authority,cef23d4f-9f12-4614-aa6d-35f505a3cef4
f8ef297f-060e-4365-8d9b-264ba862c619,keyword,trust,cef8828e-2322-4c6c-929c-cc19bd648fda
ed07fd8f-4d8e-4b5e-8579-bc9f44bad3a1,keyword,corporate payroll,cef9197a-b123-4fbe-a057-3043dff2942b
db319a41-b519-4c24-87e4-a30f75a94a16,keyword,banks,cf0fc3cd-2c2a-461d-b6b3-bf5b18e5de59
ec247c74-a711-4d9a-9b6d-ec009cd257aa,keyword,fiduciary responsibility,cf375e06-6e0d-42de-a5ca-ae8ad9dda03f
c5f167c5-2ac7-43a1-b420-3abf6f3157b8,keyword,kyc/aml,cf6096b0-02d8-47e0-90e6-3b7043036988
0761cfba-7dac-4691-bfc8-b216c9182f95,keyword,collinsville,cf98dd09-de08-43f7-9275-2baeb5e2a070
f687fa29-3e46-418a-a9fd-a0aff69d928a,summary,The lawmakers also suggested indexing regulatory thresholds economic growth metrics.,d04f1af2-f1bb-48ce-95a4-ea441acd06e9
fafa6d5c-d46e-40a8-97a3-f02f48da91d8,keyword,notice of proposed rulemaking (nprm),d05a3e91-234c-4e6d-af42-2a6a8ca26232
08be2bb8-2da1-439e-8d73-d54a52f8ddc6,keyword,regulatory scrutiny,d062bd7f-3ade-4cfa-9a6f-19e91785d7ad
b0a873ea-6fb1-4f0f-a8a0-295c250d9896,keyword,real-time scam intervention,d0e71ff4-7d8f-4e7c-8cf7-45f67d47ece1
5d43c79e-303b-4cc0-a870-970bd919a6b4,keyword,regulation b,d10714c8-6230-482d-87c2-9d3d66b3e506
4a6359df-85f0-4b44-a2c6-dc7b25af00fe,keyword,financial institutions,d10d1314-8490-4dbf-bd9d-9dc6e3a78e6a
227b2ecb-6e1d-4bca-9a1e-e6873bec78d1,keyword,eslr,d116b822-2f98-4ecc-bb49-daf00d2c39b4
52aca3b8-a7df-40c5-b37f-fab7313209eb,keyword,consumer protection,d12ddfa6-bf91-41a3-877b-977a43bb9461
5b078166-f003-4b1e-8398-0e5ef174b923,keyword,urgency,d13da4c8-b6e7-4256-81c6-a9f78cfedbfe
56645129-4d3f-4b45-9db3-518085a53c3e,keyword,fraud detection,d150c213-4b4f-4ae8-ac07-8ff728edcbb4
7b8f6f42-7225-4f5d-a690-945575d5dfbb,keyword,private credit impact,d185e5ac-c680-40b3-aa98-62b26019aa28
5b078166-f003-4b1e-8398-0e5ef174b923,keyword,cybercrime support network,d1b5ca26-45bf-48ea-9e67-1c7e7271b4ae
1af8c83c-4eb0-439b-ac80-31a5b613244d,keyword,payments industry,d1b6f3c5-6dd3-42d1-a03f-6818c305a3f8
07b7a5e8-f9bc-4745-917f-d64fa95ca06a,keyword,regulators,d1d98059-e60d-4579-8fb5-3257ad3abfbc
4a6359df-85f0-4b44-a2c6-dc7b25af00fe,keyword,account takeover,d1da0fec-fb68-48b1-b46a-e0f8b04d1e74
abeb74af-85b6-4241-88ac-d7626dbe9e31,keyword,ai agents,d1e58c6a-8030-4778-bf41-beae7046a54a
4024661e-a83a-4fcf-b312-401df444f880,keyword,core deposit growth,d1f270bd-7078-4b36-8869-bab8c410f5e9
c5f167c5-2ac7-43a1-b420-3abf6f3157b8,keyword,loss prevention,d1f2fdd9-7c09-4e30-aed2-c9b4905affb5
abeb74af-85b6-4241-88ac-d7626dbe9e31,keyword,banks,d2049dd6-07b5-4742-8a7f-8f0aaa87af10
467830e6-b416-4627-9d20-580f2bf8b3d9,keyword,multifamily housing,d2298513-e079-4c42-8d0b-4dadf324948d
e3711b20-be2f-4b59-9119-2b570b76a183,keyword,check washing,d23626eb-2faf-442d-9d6c-c560d01edbaa
467830e6-b416-4627-9d20-580f2bf8b3d9,keyword,housing demand,d2e4c1be-8b6c-4998-bb51-594587d8dc34
467830e6-b416-4627-9d20-580f2bf8b3d9,keyword,flexible lending terms,d2efa613-ddfe-4f52-a5e6-2dc0e84e8e94
e8345ee5-bd15-4ab4-a554-f571f8312851,keyword,fdic-insured institutions,d3364938-9a14-418d-870a-c8ab42c1c968
6f20ee1e-fc94-479c-90c0-36954002409a,keyword,video deepfakes,d385b87a-bdce-453d-a144-f3c3ff65554e
0761cfba-7dac-4691-bfc8-b216c9182f95,keyword,bank acquisition,d3b7112d-89d1-450f-a65a-4b0642495fea
17bf0a8d-21d5-4115-9644-3fc299ff7f69,keyword,fraud detection,d3c2ed1d-9f2f-40aa-8f07-ac798e28a8b5
d5058242-44c6-4560-8983-1f14720018c1,keyword,rich call data (rcd),d484305f-01d4-4335-84d6-e0ddfa4a6897
347242d3-6e22-4375-8360-8d8de561cd58,keyword,organized crime,d4aa13df-8f3d-4d6b-a8f7-d2a0f3fc9be6
b3f100e2-59ed-4a5f-9301-d3e855e71f78,keyword,j.d. power,d4ac79b2-587a-4d88-bda9-c921cf4b63fb
227b2ecb-6e1d-4bca-9a1e-e6873bec78d1,keyword,bank subsidiaries,d4c30dd4-e8c4-4389-8161-6e3a68fafbf0
07b7a5e8-f9bc-4745-917f-d64fa95ca06a,keyword,consumer education,d4f32eb1-1471-47e4-80e4-522633ab41ab
62000238-e57b-49ea-995b-68c27785d2ff,keyword,employee opportunities,d6011deb-9a31-4839-9d9d-9d92ad984ba5
db46995a-a121-45b7-8a3d-d12e8e80168d,keyword,expertise,d64571e9-35c5-4559-a9c9-33d7e12bc33f
463b06bf-1141-4884-ab61-6c1b32d733c5,keyword,interpretive letter,d64bde03-ae4e-4380-b2c4-2f396836da98
5ac083f6-1cf7-4616-89d4-ad40d695546e,keyword,federal trade commission,d6625d97-367d-4369-89d3-2179d35bec19
5451ae1c-fda3-4bc9-9bf7-a8e68fd48379,keyword,fraud protection,d7b8eada-6ab8-42e3-b4b7-0e2bc4801cf1
e2c1a419-f45c-4fbe-99bf-ed4e43d8eb0d,keyword,website takedown,d885e255-273e-40ce-a6c6-3df5da03304e
f687fa29-3e46-418a-a9fd-a0aff69d928a,keyword,category iv,d8f266a1-d56d-4749-904b-8aad3bc37924
a00b78c8-370a-40be-bf1f-eb304abfbcad,keyword,lost harvests,d9da713f-0efd-4d25-bc77-4646cbd880a8
8ac8360c-fa1c-4ea7-842c-7f3db4a30fe3,keyword,occ,d9daaf50-4a86-4970-9607-72f6957d6a9d
52aca3b8-a7df-40c5-b37f-fab7313209eb,keyword,veterans,da1cf60e-7876-4fdb-a7d5-9702c88b9fb3
ec247c74-a711-4d9a-9b6d-ec009cd257aa,keyword,personalization,da9c4257-98f9-491d-85e4-1f0fc7d2c79d
6c15d87f-b669-4872-bf0a-afb55937d125,keyword,website impersonation,daaa5464-7a78-41bc-9d6d-0835d035135b
ee3db751-b8f2-4838-8283-05af72a45a61,keyword,system vulnerabilities,dac117ff-efce-46c3-9ecb-4480be560371
bac26a1f-b35e-4170-b315-72f3935574a7,keyword,migration timeline,db337d11-a7f8-4b04-a261-9a101078f2ac
8e43ce16-d4d1-4d26-a4ca-88ae5ebbab41,summary,"Home prices increased 1.3% September compared month year ago, 1.4% rise previous month, according theS&P Cotality Case-Shiller Index. Chicago reported highest year-over-year gain among 20 cities 5.5% increase, followed New York City Boston, 5.2% 4.1% respectively.",db513d09-9223-43af-8f8e-5865f4ab9db9
f8ef297f-060e-4365-8d9b-264ba862c619,keyword,$12.5 billion losses,db7688c0-2f8c-4e63-be22-38c73fcebf4f
1af8c83c-4eb0-439b-ac80-31a5b613244d,keyword,synthetic identity fraud,dbbbf634-821a-41d6-aaa7-5ec02147131e
c5f167c5-2ac7-43a1-b420-3abf6f3157b8,keyword,online makeup store,dbbf106b-36eb-44da-af5e-b63abe1a4aeb
e8345ee5-bd15-4ab4-a554-f571f8312851,keyword,aggregate net income,dbf9c185-e4d3-4176-8f06-b74acd9dd66f
95f5f17b-f5b9-49db-a410-a73e846898a3,keyword,regulatory framework,dc0ed172-f16c-4a41-8b7d-d118a77fed69
17bf0a8d-21d5-4115-9644-3fc299ff7f69,keyword,customer scams,dc72057a-8467-473a-966d-810ce08fa84e
ee3db751-b8f2-4838-8283-05af72a45a61,keyword,policymakers,dc9b8dc4-5c5f-4a24-8bd3-534d31ba3d68
227b2ecb-6e1d-4bca-9a1e-e6873bec78d1,keyword,office of the comptroller of the currency,dccd8164-8e7c-4923-8975-0a541beac74c
4024661e-a83a-4fcf-b312-401df444f880,keyword,regulation,dd249285-75e8-4433-a2a5-9f8366f57bbf
c5f167c5-2ac7-43a1-b420-3abf6f3157b8,keyword,homeland security investigations (hsi),ddb39260-fea5-4d8a-a266-34d3a300140c
a7157774-b8e8-4c47-9bbe-5534b05d313f,keyword,atm manufacturers,ddc6da5f-4998-445a-862a-1e88b2f3e4da
ed80cfc1-737e-4337-9c4c-8ce7ee6981e7,keyword,scenario-based training,ddcd0f7e-3012-4d9f-99b3-5d596787a2bb
5b078166-f003-4b1e-8398-0e5ef174b923,keyword,scams,ddd33418-3694-413f-bb31-7ee273546214
463b06bf-1141-4884-ab61-6c1b32d733c5,keyword,testing platforms,ddeda673-0388-4b26-9838-35d1a2088b55
17bf0a8d-21d5-4115-9644-3fc299ff7f69,keyword,investigation and prosecution,de2bd11b-1b9a-4801-9e29-3494c733ce26
214c3121-1f28-4919-9a3f-6a7dd11be3f5,keyword,law enforcement,de65c805-2700-432d-b839-d222d65d94d9
b5cf9e0a-6dc5-4de5-8d34-d96bb5f6ed6e,keyword,bank secrecy act,de83e1ca-bb9d-44d5-bf7b-bbb03dd4a52f
4024661e-a83a-4fcf-b312-401df444f880,keyword,cybersecurity,dedb0fc2-5d0c-4ec2-8f17-b966bb65402d
ee3db751-b8f2-4838-8283-05af72a45a61,keyword,detection and response,df054d39-4f5c-4b3f-b9f3-ca12d580f937
3e1cfcf6-9203-4b68-809b-a543c7721346,keyword,apis,df09e4f1-109c-4eed-92b0-11796bba9094
2633b10b-460a-431e-b17e-47e99df629be,keyword,community bank leverage ratio,df0f3787-d9c4-49dd-bfc4-c3af0353e4b6
778422c8-9d96-4446-9e10-5e19d878c0a8,keyword,midwest,df378114-fdd7-4d95-bc4e-3a23abebf697
e3711b20-be2f-4b59-9119-2b570b76a183,keyword,bank employee training,df44e35f-103f-40a4-bdf5-7af23354f951
227b2ecb-6e1d-4bca-9a1e-e6873bec78d1,keyword,banking agencies,dfe80cf0-3017-467c-a0df-aab2e275e274
aa2fe39b-1c92-4de2-bff6-66a9c492c80b,keyword,occ,dff7e5fd-8707-45b9-a55e-8c9268ff7e08
07b7a5e8-f9bc-4745-917f-d64fa95ca06a,keyword,fraud,e0328584-e1c3-4394-b8c3-2d48a62932f9
b3f100e2-59ed-4a5f-9301-d3e855e71f78,keyword,hybrid engagement,e050c60f-08b4-490f-b9f6-616dfc812fc4
56645129-4d3f-4b45-9db3-518085a53c3e,keyword,scam trends,e09251e0-f920-4009-9f93-c3d2a2f68fce
d380cbfa-e152-4277-9136-bbc9b2e36dc5,keyword,ach fraud,e0a857b4-f817-491b-a946-7ae94246d5fb
05d418d8-3b07-4da4-95c9-c9c6007f8154,keyword,check fraud toolkit,e0f7fd7b-45f4-4590-9d5a-515feb4d1761
1afadf49-dde2-4903-b1a6-087fe90e6df8,keyword,fhfa,e150f513-b703-453e-b796-cb7025816c2f
4f66b755-1b07-451c-b18d-6c4ab481da75,keyword,fcc,e151bf46-26c2-4590-adcd-7689655a1bcf
ed07fd8f-4d8e-4b5e-8579-bc9f44bad3a1,keyword,participating financial institutions,e19292cb-9cda-484a-a35e-5a8d3fddff03
1af8c83c-4eb0-439b-ac80-31a5b613244d,summary,"SPONSORED CONTENT PRESENTED BYTHE FEDERAL RESERVEPayments fraud continues grow impact individuals organizations alike. As result, Fed engaged payments fraud experts 2023 develop publish operational definition scams:the use deception manipulation intended achieve financial gain. TheScams Mitigation Toolkitincludes following modules:Toolkit Module 1:Scam Basics Explains scams are, care, scams occur. Test Your Knowledge: Can You Spot Scam?Test ability detect scams reviewing three scenarios. Possibly important all: arming financial institutions employees, customers external partners proactive education knowledge check fraud help prevent, detect mitigate it. These toolkits developed Federal Reserve help educate industry scams check fraud.",e1d4ebe6-1ea5-4bd2-8ee2-978008ed15ac
80f9af1b-23f6-47c9-b488-830163630357,keyword,text spoofing,e1faf673-c4fa-42a5-9a4b-53a7bef9fa64
62000238-e57b-49ea-995b-68c27785d2ff,keyword,pnc bank,e2114d6e-7538-4033-9f4b-918195efa180
62000238-e57b-49ea-995b-68c27785d2ff,keyword,colorado,e256d18d-7eeb-4efe-bee3-24a185fc61af
463b06bf-1141-4884-ab61-6c1b32d733c5,keyword,transaction costs,e28ebb21-2bc2-4a18-95d8-a51a4480f7b7
dd316280-bcc5-4d12-8ac9-24ed1e34ee31,keyword,elder financial abuse,e2978460-0b9c-48b5-adcf-665f8ae50fc2
4f66b755-1b07-451c-b18d-6c4ab481da75,keyword,ip networks,e2a7be98-9b22-46e0-93e3-24ec6d97e218
d380cbfa-e152-4277-9136-bbc9b2e36dc5,keyword,debit card fraud,e2f5d9be-07a0-4681-8b03-0d6faf8eb308
68958063-4dd6-4f4f-b392-66c1e228d16d,keyword,identity theft,e3193ce1-9e83-44b5-8cde-d565c1ff7b07
db319a41-b519-4c24-87e4-a30f75a94a16,keyword,scam prevention,e32dc537-44ce-48ae-9c40-e0fe8eaa5097
47e731ac-7f5f-4d7c-bcef-750228cc3173,keyword,customer loyalty,e3c8df66-cb2a-41db-8ca5-026d9b6525a3
4024661e-a83a-4fcf-b312-401df444f880,keyword,payment services,e4269c8b-1b5c-435d-b4db-ebb40364868e
56645129-4d3f-4b45-9db3-518085a53c3e,keyword,checklist resources,e461863d-8690-4b52-8893-c812dec7d149
95f5f17b-f5b9-49db-a410-a73e846898a3,keyword,deloitte report,e49e43b3-1a34-4f63-9d28-d7fc89d15c84
bac26a1f-b35e-4170-b315-72f3935574a7,keyword,data security,e4cbba58-30a9-4c9f-932a-0106ee8df0aa
56645129-4d3f-4b45-9db3-518085a53c3e,keyword,scams,e4dff678-4b5a-460c-84e2-c9f86867d187
05d418d8-3b07-4da4-95c9-c9c6007f8154,keyword,treasury check verification system (tcvs),e4f31e79-3c12-4241-93ee-e8b81ccc3047
a7157774-b8e8-4c47-9bbe-5534b05d313f,keyword,atm malware,e518bf71-320c-411c-bb0f-e47a7667be07
8e43ce16-d4d1-4d26-a4ca-88ae5ebbab41,keyword,20-city composite,e5500d77-1e04-4b1e-bf91-be2c01586c15
4f66b755-1b07-451c-b18d-6c4ab481da75,keyword,legacy telephony,e5812828-4aa4-4271-b831-a0f2650690ef
68958063-4dd6-4f4f-b392-66c1e228d16d,keyword,fbi,e588edb3-4d89-4ce2-b84e-953ad053a44c
e8345ee5-bd15-4ab4-a554-f571f8312851,keyword,quarterly banking profile,e5bdfc70-d8cc-47fb-a250-305f90a40b89
4a6359df-85f0-4b44-a2c6-dc7b25af00fe,keyword,slower payment types,e5fce556-552c-45c1-b648-204b9e109a77
4024661e-a83a-4fcf-b312-401df444f880,keyword,acquisitions,e61f4082-9c61-40e3-ab83-35d3fad3921d
abeb74af-85b6-4241-88ac-d7626dbe9e31,keyword,request-to-pay,e67c0ee8-6ced-4a1c-9924-1aa0d5ab1366
23c2e147-b027-455d-9727-51ac79584d63,keyword,asset purchase,e689bf29-1c69-4fbd-8d58-ba3a8bd8425b
f8ef297f-060e-4365-8d9b-264ba862c619,keyword,small businesses,e696d61b-6eea-4f41-ab7c-ba44a3ba6005
ec247c74-a711-4d9a-9b6d-ec009cd257aa,keyword,data governance,e696f2ba-c84d-4c26-a6ca-08bd2f44082e
95f5f17b-f5b9-49db-a410-a73e846898a3,keyword,u.s. banks,e726e2c4-179e-44a0-9f8a-3064178e2038
aa2fe39b-1c92-4de2-bff6-66a9c492c80b,keyword,bank secrecy act,e72b1ef7-5b9e-4859-b752-ee6eae5525b8
fafa6d5c-d46e-40a8-97a3-f02f48da91d8,keyword,robocalls,e73426c8-99d9-445f-a6dd-8f46ecfdf562
f687fa29-3e46-418a-a9fd-a0aff69d928a,keyword,eps,e78130ce-3e89-47b1-a77f-e02ac75b2921
45622da8-f82c-4b90-83f3-47734d2b624f,keyword,front-line staff,e809e1ef-4cf8-461a-b7ac-c3b0e14dac0f
05d418d8-3b07-4da4-95c9-c9c6007f8154,keyword,consumer education campaigns,e8363554-448b-4f84-877e-2d3c68540f08
47e731ac-7f5f-4d7c-bcef-750228cc3173,keyword,customer retention,e8507a01-7076-4c65-bb14-1f291084f73b
80f9af1b-23f6-47c9-b488-830163630357,keyword,paul benda,e86c27da-b6c4-4516-9c86-50b46edc9dcc
abeb74af-85b6-4241-88ac-d7626dbe9e31,keyword,payment rails,e881a018-bfaf-4b64-9186-5293838dbcf4
23c2e147-b027-455d-9727-51ac79584d63,keyword,fintech divestiture,e8995403-b933-47dd-b10b-1f737a999254
1d57d511-fe4c-479f-8547-c8143027545c,keyword,atms,e8a0d852-a17a-4eb9-939e-548e7cda08d1
e3711b20-be2f-4b59-9119-2b570b76a183,keyword,fraud reporting,e8d3bbc5-36ad-4e55-9362-d05dfe3f60f2
b3f100e2-59ed-4a5f-9301-d3e855e71f78,keyword,ai in mortgage,e91b7599-880a-4d0f-8235-c6e08dbafd01
a00b78c8-370a-40be-bf1f-eb304abfbcad,keyword,warranties,e948339d-f19b-46c7-9878-7b082fe40913
ed07fd8f-4d8e-4b5e-8579-bc9f44bad3a1,keyword,scamclassifier,e94b67cd-acf1-4fd5-b746-b13e5f473009
07b7a5e8-f9bc-4745-917f-d64fa95ca06a,keyword,risk management,e9690702-42d1-4211-8ff2-ef5d98313b87
0daa37b6-8f58-4406-b6bd-5e0161a92516,keyword,protecting older americans,ea30f5cc-6e33-495f-85e4-417c3bbb7cc0
1af8c83c-4eb0-439b-ac80-31a5b613244d,keyword,employee training,ea6b069a-c293-4825-bcca-51c433fed737
a7157774-b8e8-4c47-9bbe-5534b05d313f,keyword,atm crime task force,eabb62d6-3beb-4e7f-baed-fa835ec727d7
ed80cfc1-737e-4337-9c4c-8ce7ee6981e7,keyword,customer service,eafaa72f-67e9-4d03-a164-48750953974f
3e1cfcf6-9203-4b68-809b-a543c7721346,keyword,automation,eb08159c-f405-4fe9-aab8-0280347f1f24
5451ae1c-fda3-4bc9-9bf7-a8e68fd48379,keyword,branch access,eb0b9e81-6f93-4cd8-a2cc-175b6963b04c
074eb8f2-4a0a-444d-a850-346b9455a891,keyword,senate appropriations committee,eb852b8b-0f65-4805-9917-33d537d27583
17bf0a8d-21d5-4115-9644-3fc299ff7f69,keyword,bank asset size,eca94a22-e899-428e-914c-b13dbdc88874
29b71b02-5d9b-4b17-80e2-745bb6e367ef,keyword,customer trust,ecd663a3-d4a1-461f-9a9d-22ae53896159
56645129-4d3f-4b45-9db3-518085a53c3e,keyword,customer follow-up,ece83a4e-5a7d-448e-be5a-092985f611e9
4a6359df-85f0-4b44-a2c6-dc7b25af00fe,keyword,romance scams,ed13b9bc-c3c1-40b1-b83a-95b6339b0958
2633b10b-460a-431e-b17e-47e99df629be,keyword,fdic,ed22a8fd-c823-4668-9bfa-dca763898097
4a6359df-85f0-4b44-a2c6-dc7b25af00fe,keyword,account manipulation,ed97310d-468d-484f-a979-b4c670de03d6
db46995a-a121-45b7-8a3d-d12e8e80168d,keyword,product innovation,edc89371-abaf-4a51-8f34-1b050425bbe1
3e1cfcf6-9203-4b68-809b-a543c7721346,keyword,phased rollout,edcebfbe-3dc6-490a-a656-da8250ca49c8
23c2e147-b027-455d-9727-51ac79584d63,keyword,mergers and acquisitions,ee232c15-fd3c-4a08-bb09-9c770b23df21
07b7a5e8-f9bc-4745-917f-d64fa95ca06a,keyword,social media,ee5ea86b-9ab4-4527-ae5d-f4aad7e16d94
7b8f6f42-7225-4f5d-a690-945575d5dfbb,keyword,volume caps,ee858439-e37f-49cc-821b-8f2c2dd67e92
80f9af1b-23f6-47c9-b488-830163630357,keyword,spoof calls,ee948323-ae31-48ed-a3c5-e6efe49f1dc9
c5f167c5-2ac7-43a1-b420-3abf6f3157b8,keyword,shell companies,eea30e42-c9f9-47a6-8c97-7af7e1d1b73d
4a6359df-85f0-4b44-a2c6-dc7b25af00fe,keyword,fraud prevention,eeb62997-d686-4cfa-9c23-f115d7f7955a
347242d3-6e22-4375-8360-8d8de561cd58,keyword,paper checks,eed0e0eb-6b77-4135-b4d4-6b885973e177
ed07fd8f-4d8e-4b5e-8579-bc9f44bad3a1,keyword,instant payments,eee8870c-58e4-446b-9ab8-3b754d2e8644
227b2ecb-6e1d-4bca-9a1e-e6873bec78d1,keyword,federal reserve,ef85164b-a7b5-4ee7-904f-034351bf8f6d
4a6359df-85f0-4b44-a2c6-dc7b25af00fe,keyword,data analytics,ef961887-b54a-4fbf-89f7-8f6160eced92
5b078166-f003-4b1e-8398-0e5ef174b923,keyword,consumer education,f014fa6d-49d5-4d8e-93f7-57b60ac0332e
ec247c74-a711-4d9a-9b6d-ec009cd257aa,keyword,cost management,f01eed06-0265-4b4f-8a75-b013f1ac9049
8ac8360c-fa1c-4ea7-842c-7f3db4a30fe3,keyword,cblr,f01f0a05-aa31-4e91-9a65-6838132b6eae
a7157774-b8e8-4c47-9bbe-5534b05d313f,keyword,atm crimes,f0542824-be89-4f04-a59a-c4ce77e4219a
4f66b755-1b07-451c-b18d-6c4ab481da75,keyword,call authentication,f078581c-7877-48a1-99d1-a81d411ef295
4d5e02aa-1e21-445d-ad8a-ab2c1f9b7880,keyword,interest exclusion,f0e41ada-c6b4-4a14-8f38-84dfe5cbfa9d
3e1cfcf6-9203-4b68-809b-a543c7721346,keyword,fraud detection,f0f47949-639f-4650-ae3d-a1f43d249bb5
214c3121-1f28-4919-9a3f-6a7dd11be3f5,keyword,generative ai,f10431f0-18ed-495f-a98a-031ce40357d0
db46995a-a121-45b7-8a3d-d12e8e80168d,keyword,abrigo,f1095170-fe8b-4f90-ae7e-b6ed174a78a5
62000238-e57b-49ea-995b-68c27785d2ff,keyword,bank branches,f17e4e8b-af32-4e82-ac35-895341932ecb
bac26a1f-b35e-4170-b315-72f3935574a7,keyword,quantum readiness,f1a860e6-e490-4619-8fec-ef202a6fa397
3e1cfcf6-9203-4b68-809b-a543c7721346,keyword,ai governance,f1fd2084-86a6-49d2-98f5-f4b5c9b7b687
e8345ee5-bd15-4ab4-a554-f571f8312851,keyword,asset quality,f236b826-ebe1-41fe-9cb6-7d6e225877c7
8e43ce16-d4d1-4d26-a4ca-88ae5ebbab41,keyword,housing market,f24a6020-28cf-49e6-b3c0-b4502fea8499
a00b78c8-370a-40be-bf1f-eb304abfbcad,keyword,precision agriculture,f26d804a-a11a-4ee0-94a3-0cf9c6d58e20
08be2bb8-2da1-439e-8d73-d54a52f8ddc6,keyword,bank acquisitions,f2c862f1-b922-4a0b-b88e-fdd6794e90c6
5b078166-f003-4b1e-8398-0e5ef174b923,keyword,emotional manipulation,f3f36a19-e7b9-4ae3-8a9a-ae27d211daee
29b71b02-5d9b-4b17-80e2-745bb6e367ef,summary,"A new survey Webster Bank found roughly half C-suite executives polled said businesses lost $10,000 $500,000 cyber fraud past two years, another 11% reporting losses exceeding $1 million. Ninety-one percent respondents said worried effect cyber fraud companys reputation, followed closely worries losing customer trust.",f3fbc8ae-0696-43f5-9e8c-449211b6768f
1af8c83c-4eb0-439b-ac80-31a5b613244d,keyword,fraud prevention,f41188d5-e3fd-445f-82b4-6d839180c0e2
446e0338-ae61-4d2f-895c-eda657bbef40,keyword,hold laws,f47deceb-d434-4287-8596-4c26ea7b9016
56645129-4d3f-4b45-9db3-518085a53c3e,keyword,complaint line,f47f051b-a15b-4f39-9949-8a2d6b1fdd47
6c15d87f-b669-4872-bf0a-afb55937d125,keyword,financial information theft,f4adbcee-1da6-42a9-a556-989a5ed1cd13
446e0338-ae61-4d2f-895c-eda657bbef40,keyword,bsa/internal audit,f4aefa69-e312-46aa-814a-eddfedd2c82a
4f66b755-1b07-451c-b18d-6c4ab481da75,keyword,robocalls,f4f38634-40cb-4cc0-8421-0a142a25bd51
db46995a-a121-45b7-8a3d-d12e8e80168d,keyword,risk management,f5048baf-8585-4514-8770-f7b1f5d8a083
bac26a1f-b35e-4170-b315-72f3935574a7,keyword,quantum computing,f50ec80e-f830-42b4-a411-2aac71887cb0
e2c1a419-f45c-4fbe-99bf-ed4e43d8eb0d,keyword,consumer protection,f532ae20-f2c9-468b-92ad-cdd0e99554e6
c5f167c5-2ac7-43a1-b420-3abf6f3157b8,keyword,rila,f53e9a4b-4c1d-419e-a98f-0788ae066c19
a7157774-b8e8-4c47-9bbe-5534b05d313f,keyword,atm robbery,f5564791-779a-4435-abfb-ef0e0b34b9cc
347242d3-6e22-4375-8360-8d8de561cd58,keyword,check fraud,f562b50d-93b9-40b5-b56e-fa6fe765df88
0260698b-07fd-4346-a307-f446fa5431b0,summary,"U.S. adults overwhelmingly trust banks entity protect fraud, according toa new survey conducted Morning Consulton behalf American Bankers Association. Three-in-five (59%) consumers received fraud alert banks alerting potentially suspicious account activity, 96% found alerts valuable. The FCC considering issuing notice proposed rulemaking would update TCPA rules address issues, action ABA strongly supports. Three-quarters consumers (75%) said nations banks source strength U.S. economy appreciate key role banks play supporting financial needs individuals, businesses local communities.",f5a8face-d347-4729-8420-2e2da87268de
5ac083f6-1cf7-4616-89d4-ad40d695546e,keyword,fraud reporting,f61c21a5-c0db-4dcc-b999-677cf5121988
f02359ee-3e9c-42b4-93a5-1834199be6dc,keyword,search engine optimization (seo),f687ae41-7efb-4d85-9b90-2c6ee5fa5f4b
8e43ce16-d4d1-4d26-a4ca-88ae5ebbab41,keyword,fannie mae,f689d111-944e-4039-8a2e-93511478eeca
29b71b02-5d9b-4b17-80e2-745bb6e367ef,keyword,business losses,f6f10023-178e-43dd-bd5d-201a4be7e049
bac26a1f-b35e-4170-b315-72f3935574a7,summary,The Financial Services Information Sharing Analysis Center today called creation timeline financial sector bolster cybersecurity defenses threats posed quantum computing. It also details existing recommendations timelines offers blueprint action emphasizing benefits cross-sector collaboration.,f764631b-17ce-420c-aa86-b3018c568e50
5d43c79e-303b-4cc0-a870-970bd919a6b4,keyword,ecoa,f7729be4-6909-4607-bc07-6aedc06697b6
3e1cfcf6-9203-4b68-809b-a543c7721346,keyword,pilots,f783e24c-fd0b-400a-8165-4e14edf6ced9
2633b10b-460a-431e-b17e-47e99df629be,keyword,part 363,f7911cbe-1542-41d5-a41f-e848fb83a49c
3e1cfcf6-9203-4b68-809b-a543c7721346,keyword,credit risk assessment,f803de31-345c-47b0-b318-1a40a0ab8b67
56645129-4d3f-4b45-9db3-518085a53c3e,keyword,customer communication,f80b6552-1c4d-4c74-acb6-a7d55be57682
0260698b-07fd-4346-a307-f446fa5431b0,keyword,american bankers association,f8155109-13e4-4430-ba7e-da8bff5229d3
29b71b02-5d9b-4b17-80e2-745bb6e367ef,keyword,cybersecurity budget,f86effd9-8dc0-4bb0-83e6-a5ca48440e2d
62000238-e57b-49ea-995b-68c27785d2ff,keyword,customer experience,f89308f4-f4af-47c3-aded-007d4f2df152
d5058242-44c6-4560-8983-1f14720018c1,keyword,caller name verification,f8a3570c-87fe-4001-aa22-57f6e428cb0d
17bf0a8d-21d5-4115-9644-3fc299ff7f69,summary,"This amount includes $2.8 billion losses industry $22.3 billion fraud prevention, i.e., fraudulent transactions stopped banks prevention measures. The loss amount include expense banks incurred 2018 prevention, detection, investigation, prosecution deposit account fraud.",f8ba8c98-75e6-4072-ac66-b32823bcdf7e
4024661e-a83a-4fcf-b312-401df444f880,keyword,cost of funds,f8e885bb-1535-4334-b160-939ff92afd2d
1afadf49-dde2-4903-b1a6-087fe90e6df8,keyword,guam,f916b34e-aeca-41ab-b40b-6ddf0ad5afd1
6c15d87f-b669-4872-bf0a-afb55937d125,keyword,phishing,f91ddf7e-ad89-4938-8dea-bc533c9e4005
2633b10b-460a-431e-b17e-47e99df629be,keyword,designated reserve ratio,f9293105-4b08-407b-9937-a70faca7ad6f
6f20ee1e-fc94-479c-90c0-36954002409a,keyword,image manipulation,f9998f59-7c39-4601-abc3-71835e46683f
1af8c83c-4eb0-439b-ac80-31a5b613244d,keyword,generative ai,f9b80593-dd3f-44fe-b4c8-4548733ed5f5
45622da8-f82c-4b90-83f3-47734d2b624f,keyword,fraud,f9d9d4d2-af75-432c-a113-45f4621b01e9
ee3db751-b8f2-4838-8283-05af72a45a61,keyword,artificial intelligence,f9e8ff82-4d8f-4005-acc5-8313d5f42f25
c5f167c5-2ac7-43a1-b420-3abf6f3157b8,keyword,boosters and fences,f9faa904-7cd0-454a-89e6-61337131f841
ed07fd8f-4d8e-4b5e-8579-bc9f44bad3a1,keyword,november 2025,fa02482e-4761-4d62-bb77-2ae28e7ad398
0260698b-07fd-4346-a307-f446fa5431b0,keyword,fraud alerts,fa5426cf-aa65-4ac9-8f27-2ac121c0d019
d5058242-44c6-4560-8983-1f14720018c1,keyword,fraud alert exemption,faa4ae44-87d2-4c59-8cf4-21312e6f2eb2
db46995a-a121-45b7-8a3d-d12e8e80168d,keyword,anti-money laundering,fb1bf264-b2ae-4fde-9ab2-fc9abadc2233
4a6359df-85f0-4b44-a2c6-dc7b25af00fe,keyword,check fraud,fb1d6aa7-9dcd-4ea9-be51-564bd8c218e8
17bf0a8d-21d5-4115-9644-3fc299ff7f69,keyword,social engineering,fb2a9fad-1f6b-4147-bfc9-4a0750ab774f
db46995a-a121-45b7-8a3d-d12e8e80168d,summary,"Abrigo leading provider risk management, financial crime prevention, lending software services help 2,400 financial institutions manage risk drive growth rapidly changing world. We provide product innovation, world-class support, unparalleled expertise customers make big things happen.",fb54dcd0-d0bb-4a5b-b77b-76b74db09d04
47e731ac-7f5f-4d7c-bcef-750228cc3173,keyword,service recovery paradox,fb6e21b7-9cf6-4bea-9d03-a578edd7fb9d
5451ae1c-fda3-4bc9-9bf7-a8e68fd48379,keyword,agricultural economy,fbdbdd34-fbd4-4a6d-b463-58a31dc4059a
6f20ee1e-fc94-479c-90c0-36954002409a,keyword,ic3.gov,fc12b420-ba81-4ebf-9995-6a9b22e3a674
8ac8360c-fa1c-4ea7-842c-7f3db4a30fe3,keyword,federal reserve,fc178f40-2d48-4ab5-a619-066cdcbbb49c
db319a41-b519-4c24-87e4-a30f75a94a16,keyword,fraud prevention,fcade312-afae-4a85-99bd-b4e2375e0d06
1afadf49-dde2-4903-b1a6-087fe90e6df8,keyword,ceiling loan limit,fd4e3a3d-3f16-4052-8b51-6204163b266a
dd316280-bcc5-4d12-8ac9-24ed1e34ee31,keyword,elder exploitation,fde2d6da-f632-422a-96c1-04dcc6f4343f
52aca3b8-a7df-40c5-b37f-fab7313209eb,summary,The Consumer Financial Protection Bureau published new humility pledge guard current leadership said weaponization past supervision. The CFPB longer ask expansive data sets information may seem unrelated exam include information inconsistent bureau priorities.,fe26f140-7ded-4ec9-be07-8261f0c69c0e
7b8f6f42-7225-4f5d-a690-945575d5dfbb,keyword,freddie mac,fe6e47c1-66dd-4f40-9530-d265b9e46203
074eb8f2-4a0a-444d-a850-346b9455a891,keyword,discretionary awards,fe70fb53-b9bc-4565-b5b0-588803c1ef4f
f687fa29-3e46-418a-a9fd-a0aff69d928a,keyword,category iii,fe7abfb2-cf3e-4f8c-a90b-deba753f7929
5b078166-f003-4b1e-8398-0e5ef174b923,keyword,customer risk ratings,fea2e0df-af7e-4b08-b94b-8fba484e27a8
52aca3b8-a7df-40c5-b37f-fab7313209eb,keyword,service members,fea429d8-a5de-4fb7-af04-48b04a408555
b0a873ea-6fb1-4f0f-a8a0-295c250d9896,keyword,aba fraudcast,fedf9fea-4e78-403f-b4f3-41ffc66bb4d6
ed80cfc1-737e-4337-9c4c-8ce7ee6981e7,keyword,communication,ff0ceebd-179a-459d-bf68-e252eefa70e2
45622da8-f82c-4b90-83f3-47734d2b624f,keyword,victimology,ff1f172b-c9f7-4e6d-bd72-038987c24ce1
e2c1a419-f45c-4fbe-99bf-ed4e43d8eb0d,keyword,.bank,ff3218b6-f301-4cd1-ba94-4094acc8e938
4a6359df-85f0-4b44-a2c6-dc7b25af00fe,keyword,2024 fraud insights,ff3b22f1-b4a8-4105-a4d5-2d800be38301
0761cfba-7dac-4691-bfc8-b216c9182f95,keyword,jewel box financial services,ff5d5962-869e-48d2-b6a8-24a2012bf734
5ac083f6-1cf7-4616-89d4-ad40d695546e,summary,"Recent data scams fraud Federal Trade Commission FBI is, surprise, trending wrong direction. TheABA Fraudcastwill published every three weeks, site, ABA Daily Newsbytes wherever listen subscribe favorite podcasts.",ff7bd8f0-0525-40bf-ae0e-753cd98bc102
f02359ee-3e9c-42b4-93a5-1834199be6dc,keyword,security requirements,ffafdd6e-7385-491c-b9d8-f68f2a9e37ae
227b2ecb-6e1d-4bca-9a1e-e6873bec78d1,keyword,fdic,ffc07e1c-2606-4776-b457-b4eab1b75cd5
8e43ce16-d4d1-4d26-a4ca-88ae5ebbab41,keyword,s&p corelogic case-shiller index,ffc9326c-d6be-4042-9149-7637323c9594